"CO_ANO";"SUBSTANCIA";"CO_NCM";"EX_FOB.x";"QUANTIDADE";"SG_UNID";"NO_UNID";"percentual_Produto_NCM";"NO_NCM_Subitem_POR"
"2018";"Água Mineral";"22021000";10428563;25934266;"LITRO";"LITRO";92,559;"Águas, incluindo as águas minerais e as águas gaseificadas, adicionadas de açúcar ou de outros edulcorantes ou aromatizadas"
"2018";"Água Mineral";"22011000";838433;1960457;"LITRO";"LITRO";7,441;"Águas minerais e águas gaseificadas, não adicionadas de açúcar ou de outros edulcorantes nem aromatizadas"
"2018";"Amianto";"25249000";44768477;101067300;"KGL";"QUILOGRAMA LIQUIDO";96,744;"Outras formas de amianto"
"2018";"Amianto";"68114000";1337395;6639233;"KGL";"QUILOGRAMA LIQUIDO";2,89;"Obras de fibrocimento, cimento-celulose ou produtos semelhantes, que contenham amianto"
"2018";"Amianto";"68129910";89590;1558;"KGL";"QUILOGRAMA LIQUIDO";0,194;"Juntas e outros elementos com função semelhante de vedação, de amianto"
"2018";"Amianto";"68138990";56142;8118;"KGL";"QUILOGRAMA LIQUIDO";0,121;"Outras guarnições não montadas, para embreagens, etc, de amianto"
"2018";"Amianto";"68129100";15339;3288;"KGL";"QUILOGRAMA LIQUIDO";0,033;"Vestuário, acessórios de vestuário, calçados e chapéus, de amianto/das misturas"
"2018";"Amianto";"68129990";6586;335;"KGL";"QUILOGRAMA LIQUIDO";0,014;"Outras obras de amianto trabalhado com fibras com mistura à base de amianto com carbonato de magnésio"
"2018";"Amianto";"68129920";1171;38;"KGL";"QUILOGRAMA LIQUIDO";0,003;"Amianto trabalhado, em fibras"
"2018";"Amianto";"68128000";164;1;"KGL";"QUILOGRAMA LIQUIDO";0;"Obras de crocidolita (amianto) ou em fibras"
"2018";"Amianto";"68129200";42;0;"KGL";"QUILOGRAMA LIQUIDO";0;"Papéis, cartões, feltros, de amianto/das misturas"
"2018";"Amianto";"68129300";218;48;"KGL";"QUILOGRAMA LIQUIDO";0;"Folhas de amianto e elastômeros, comprimidos, para juntas, mesmo apresentadas em rolos"
"2018";"Antimônio";"28258090";67326;23137;"KGL";"QUILOGRAMA LIQUIDO";99,958;"Outros óxidos de antimônio"
"2018";"Antimônio";"81109000";28;0;"KGL";"QUILOGRAMA LIQUIDO";0,042;"Obras e outros produtos do antimônio"
"2018";"Areia";"25059000";71795;1596,034;"TML";"TONELADA METRICA LIQUIDA";100;"Outras areias naturais de qualquer espécie, mesmo coradas, exceto areias metalíferas do Capítulo 26"
"2018";"Argilas Comuns";"69072200";278797580;84614987;"M2";"METRO QUADRADO";60,471;"Ladrilhos e placas (lajes), para pavimentação ou revestimento, exceto os das subposições 6907.30 e 6907.40, com um coeficiente de absorção de água, em peso, superior a 0,5 %, mas não superior a 10 %"
"2018";"Argilas Comuns";"69072100";122680228;14462019;"M2";"METRO QUADRADO";26,609;"Ladrilhos e placas (lajes), para pavimentação ou revestimento, exceto os das subposições 6907.30 e 6907.40, com um coeficiente de absorção de água, em peso, não superior a 0,5 %"
"2018";"Argilas Comuns";"69072300";41343501;6729163;"M2";"METRO QUADRADO";8,967;"Ladrilhos e placas (lajes), para pavimentação ou revestimento, exceto os das subposições 6907.30 e 6907.40, com um coeficiente de absorção de água, em peso, superior a 10 %"
"2018";"Argilas Comuns";"69074000";5718636;390477;"M2";"METRO QUADRADO";1,24;"Peças de acabamento, de cerâmica"
"2018";"Argilas Comuns";"32072010";4751594;10546727;"KGL";"QUILOGRAMA LIQUIDO";1,031;"Engobos"
"2018";"Argilas Comuns";"69051000";2766991;14566070;"KGL";"QUILOGRAMA LIQUIDO";0,6;"Telhas de cerâmica"
"2018";"Argilas Comuns";"69041000";1673710;440311;"MIL";"MILHEIRO";0,363;"Tijolos de cerâmica"
"2018";"Argilas Comuns";"69073000";1211358;68634;"M2";"METRO QUADRADO";0,263;"Cubos, pastilhas e artigos semelhantes, para mosaicos, exceto os da subposição 6907.40"
"2018";"Argilas Comuns";"69149000";1009866;161243;"KGL";"QUILOGRAMA LIQUIDO";0,219;"Outras obras de cerâmica, exceto porcelana"
"2018";"Argilas Comuns";"69139000";535812;22434;"KGL";"QUILOGRAMA LIQUIDO";0,116;"Estatuetas/outros objetos ornamentais de cerâmica, exceto porcelana"
"2018";"Argilas Plásticas";"69109000";38476775;1728510;"UNID.";"NUMERO (UNIDADE)";60,446;"Pias, lavatórios, etc, para sanitários, de cerâmica, exceto porcelana"
"2018";"Argilas Plásticas";"85462000";7671208;2928790;"KGL";"QUILOGRAMA LIQUIDO";12,051;"Isoladores de cerâmica para uso elétrico"
"2018";"Argilas Plásticas";"69091990";7236458;219057;"KGL";"QUILOGRAMA LIQUIDO";11,368;"Outros aparelhos e artefatos de cerâmica, para uso químico/técnico"
"2018";"Argilas Plásticas";"69120000";6707445;3714994;"KGL";"QUILOGRAMA LIQUIDO";10,537;"Louça, outros artigos de uso doméstico e artigos de higiene ou de toucador, de cerâmica, exceto de porcelana"
"2018";"Argilas Plásticas";"69091290";2334603;514060;"KGL";"QUILOGRAMA LIQUIDO";3,668;"Outros artefatos de cerâmica, exceto porcelana, com uma dureza equivalente a 9 ou mais na escala de Mohs"
"2018";"Argilas Plásticas";"85471000";605455;100753;"KGL";"QUILOGRAMA LIQUIDO";0,951;"Peças isolantes de cerâmica, para máquinas, aparelhos e instalações elétricas"
"2018";"Argilas Plásticas";"85051910";413211;141126;"KGL";"QUILOGRAMA LIQUIDO";0,649;"Ímãs permanentes e artefatos destinados a tornarem-se ímãs permanentes após magnetização, de ferrita (cerâmicos)"
"2018";"Argilas Plásticas";"69099000";146844;8391;"KGL";"QUILOGRAMA LIQUIDO";0,231;"Alguidares e outros recipientes de cerâmica para uso rural, etc."
"2018";"Argilas Plásticas";"69091910";55418;1443;"KGL";"QUILOGRAMA LIQUIDO";0,087;"Outros guia-fios para máquinas têxteis, de cerâmica, exceto porcelana"
"2018";"Argilas Plásticas";"38029030";3689;3830;"KGL";"QUILOGRAMA LIQUIDO";0,006;"Atapulgita"
"2018";"Argilas Refratárias";"38160090";7252885;7135576;"KGL";"QUILOGRAMA LIQUIDO";43,234;"Outros concretos e composições semelhantes, refratrários"
"2018";"Argilas Refratárias";"82090011";2762718;2839351;"KGL";"QUILOGRAMA LIQUIDO";16,469;"Plaquetas ou pastilhas, não montadas, de ceramais (cermets), intercambiáveis"
"2018";"Argilas Refratárias";"38160019";2126646;2038203;"KGL";"QUILOGRAMA LIQUIDO";12,677;"Outros cimentos e argamassas, refratrários"
"2018";"Argilas Refratárias";"69039099";1545990;79889;"KGL";"QUILOGRAMA LIQUIDO";9,216;"Outros produtos cerâmicos refratrários"
"2018";"Argilas Refratárias";"85322410";1424819;310322241;"UNID.";"NUMERO (UNIDADE)";8,493;"Outros condensadores fixos, com dielétrico de cerâmica, de camadas múltiplas, próprios para montagem em superfície (SMD - Surface Mounted Device)"
"2018";"Argilas Refratárias";"81130090";743606;119349;"KGL";"QUILOGRAMA LIQUIDO";4,433;"Outras obras de ceramais, desperdícios e resíduos de ceramais"
"2018";"Argilas Refratárias";"25083000";376123;1249019;"KGL";"QUILOGRAMA LIQUIDO";2,242;"Argilas refratárias"
"2018";"Argilas Refratárias";"81130010";243855;10871;"KGL";"QUILOGRAMA LIQUIDO";1,454;"Chapas, folhas, tiras, fios, hastes, pastilhas e plaquetas, de ceramais"
"2018";"Argilas Refratárias";"69029090";124721;18802;"KGL";"QUILOGRAMA LIQUIDO";0,743;"Outros tijolos e pecas cerâmicas para construção, refratários"
"2018";"Argilas Refratárias";"82090090";76146;20271;"KGL";"QUILOGRAMA LIQUIDO";0,454;"Outras pontas e objetos semelhantes para ferramentas, não montados, de ceramais (cermets)"
"2018";"Bário";"25111000";112345;266898;"KGL";"QUILOGRAMA LIQUIDO";51,354;"Sulfato de bário natural (baritina)"
"2018";"Bário";"28419021";51666;74340;"KGL";"QUILOGRAMA LIQUIDO";23,617;"Ferrito de bário"
"2018";"Bário";"25112000";41918;52751;"KGL";"QUILOGRAMA LIQUIDO";19,161;"Carbonato de bário natural (witherita)"
"2018";"Bário";"28164010";6400;2000;"KGL";"QUILOGRAMA LIQUIDO";2,926;"Hidróxido de bário"
"2018";"Bário";"28332790";4134;25;"KGL";"QUILOGRAMA LIQUIDO";1,89;"Outros sulfatos de bário"
"2018";"Bário";"28332710";2303;2575;"KGL";"QUILOGRAMA LIQUIDO";1,053;"Sulfato de bário, com teor de BaSO4 superior ou igual a 97,5 %, em peso"
"2018";"Bauxita";"28182010";2537478547;6262659,415;"TML";"TONELADA METRICA LIQUIDA";62,535;"Alumina calcinada"
"2018";"Bauxita";"26060011";267941798;7935105,456;"TML";"TONELADA METRICA LIQUIDA";6,603;"Bauxita não calcinada (minério de alumínio)"
"2018";"Bauxita";"76061290";242572740;76172,2;"TML";"TONELADA METRICA LIQUIDA";5,978;"Outras chapas e tiras, de ligas alumínio, espessura > 0.2mm"
"2018";"Bauxita";"76011000";214644718;104554;"TML";"TONELADA METRICA LIQUIDA";5,29;"Alumínio não ligado, em formas brutas"
"2018";"Bauxita";"28183000";176006816;871766,031;"TML";"TONELADA METRICA LIQUIDA";4,338;"Hidróxido de alumínio"
"2018";"Bauxita";"76129019";112829085;17365,667;"TML";"TONELADA METRICA LIQUIDA";2,781;"Outros recipientes tubulares, de alumínio, de capacidade não superior a 300 litros"
"2018";"Bauxita";"76071190";95344481;26183,037;"TML";"TONELADA METRICA LIQUIDA";2,35;"Outras folhas e tiras, de alumínio sem suporte, laminado, espessura <= 0.2 mm"
"2018";"Bauxita";"28181090";77532875;162893,48;"TML";"TONELADA METRICA LIQUIDA";1,911;"Outros corindos artificiais, de constituição química definida ou não"
"2018";"Bauxita";"85322200";74161497;146976372;"UNID.";"NUMERO (UNIDADE)";1,828;"Condensador fixo eletrolítico, de alumínio"
"2018";"Bauxita";"76151000";55664812;7933,206;"TML";"TONELADA METRICA LIQUIDA";1,372;"Artefatos de uso doméstico e suas partes; esponjas, esfregões, luvas e artefatos semelhantes, para limpeza, polimento ou usos semelhantes, de alumínio"
"2018";"Bentonita";"25081000";6360815;11801711;"KGL";"QUILOGRAMA LIQUIDO";97,69;"Bentonita"
"2018";"Bentonita";"38029020";150420;211305;"KGL";"QUILOGRAMA LIQUIDO";2,31;"Bentonita (matéria mineral natural ativada)"
"2018";"Bismuto";"81060090";24685;195;"KGL";"QUILOGRAMA LIQUIDO";74,543;"Obras de bismuto, desperdícios e resíduos, de bismuto"
"2018";"Bismuto";"28274911";8430;80;"KGL";"QUILOGRAMA LIQUIDO";25,457;"Oxicloretos de bismuto"
"2018";"Boro";"28402000";301785;29293;"KGL";"QUILOGRAMA LIQUIDO";62,757;"Outros boratos"
"2018";"Boro";"28401900";66848;58746;"KGL";"QUILOGRAMA LIQUIDO";13,901;"Outros tetraboratos dissódicos (borax refinado)"
"2018";"Boro";"25280000";56822;74325;"KGL";"QUILOGRAMA LIQUIDO";11,816;"Boratos naturais e seus concentrados (calcinados ou não), exceto boratos extraídos de salmouras naturais; ácido bórico natural com um teor máximo de 85 % de H3BO3, em produto seco"
"2018";"Boro";"28100010";18703;15850;"KGL";"QUILOGRAMA LIQUIDO";3,889;"Ácido ortobórico"
"2018";"Boro";"28500010";15841;150;"QUILT";"QUILATE";3,294;"Nitreto de boro"
"2018";"Boro";"28100090";13078;14250;"KGL";"QUILOGRAMA LIQUIDO";2,72;"Óxidos de boro e outros ácidos bóricos"
"2018";"Boro";"28499010";5638;500;"KGL";"QUILOGRAMA LIQUIDO";1,172;"Carbonetos de constituição química definida ou não, de boro"
"2018";"Boro";"28403000";2130;750;"KGL";"QUILOGRAMA LIQUIDO";0,443;"Peroxoboratos (perboratos)"
"2018";"Boro";"28401100";35;1;"KGL";"QUILOGRAMA LIQUIDO";0,007;"Tetraborato dissódico (borax refinado) anidro"
"2018";"Bromo";"28275900";389082;246001;"KGL";"QUILOGRAMA LIQUIDO";57,075;"Outros brometos e oxibrometos"
"2018";"Bromo";"28275100";292618;889250;"KGL";"QUILOGRAMA LIQUIDO";42,925;"Brometos de sódio ou de potássio"
"2018";"Cádmio";"32064910";2647401;159873;"KGL";"QUILOGRAMA LIQUIDO";92,393;"Pigmentos preparados à base de compostos de cádmio"
"2018";"Cádmio";"81072010";217957;305070;"KGL";"QUILOGRAMA LIQUIDO";7,607;"Cádmio em formas brutas"
"2018";"Calcário";"28352600";15258843;25569,982;"TML";"TONELADA METRICA LIQUIDA";27,354;"Outros fosfatos de cálcio"
"2018";"Calcário";"28299032";7284493;459,751;"TML";"TONELADA METRICA LIQUIDA";13,059;"Iodatos de cálcio"
"2018";"Calcário";"25232910";7244300;97757,632;"TML";"TONELADA METRICA LIQUIDA";12,987;"Cimentos 'portland', comuns"
"2018";"Calcário";"28365000";3944660;11946,925;"TML";"TONELADA METRICA LIQUIDA";7,072;"Carbonato de cálcio"
"2018";"Calcário";"68118200";3879372;18803,756;"TML";"TONELADA METRICA LIQUIDA";6,955;"Outras chapas, painéis, ladrilhos, telhas e artigos semelhantes, de fibrocimento, cimento-celulose ou produtos semelhantes"
"2018";"Calcário";"28491000";3841171;4414,041;"TML";"TONELADA METRICA LIQUIDA";6,886;"Carbonetos de constituição química definida ou não, de cálcio"
"2018";"Calcário";"68109900";3448677;4580,772;"TML";"TONELADA METRICA LIQUIDA";6,182;"Outras obras de cimento, de concreto ou de pedra artificial, mesmo armadas"
"2018";"Calcário";"28352500";2340982;4867,41;"TML";"TONELADA METRICA LIQUIDA";4,197;"Hidrogeno-ortofosfato de cálcio (fosfato dicálcico)"
"2018";"Calcário";"25232990";1887922;21202,351;"TML";"TONELADA METRICA LIQUIDA";3,384;"Outros tipos de cimento 'portland'"
"2018";"Calcário";"68118100";1309603;4973,527;"TML";"TONELADA METRICA LIQUIDA";2,348;"Chapas onduladas de fibrocimento, cimento-celulose, ou produtos semelhantes, que não contenham amianto"
"2018";"Carvão Mineral";"27075000";41013409;73134297;"KGL";"QUILOGRAMA LIQUIDO";51,691;"Outras misturas de hidrocarbonetos aromáticos que destilem, incluindo as perdas, uma fração igual ou superior a 65 %, em volume, a 250 °C, segundo o método ASTM D 86"
"2018";"Carvão Mineral";"27060000";9849332;33236740;"KGL";"QUILOGRAMA LIQUIDO";12,413;"Alcatrões de hulha, de linhita ou de turfa e outros alcatrões minerais, mesmo desidratados ou parcialmente destilados, incluindo os alcatrões reconstituídos"
"2018";"Carvão Mineral";"85451100";8599673;768525;"KGL";"QUILOGRAMA LIQUIDO";10,838;"Eletrodos de carvão, dos tipos utilizados em fornos"
"2018";"Carvão Mineral";"38013010";7982873;11259614;"KGL";"QUILOGRAMA LIQUIDO";10,061;"Pasta carbonada para eletrodos"
"2018";"Carvão Mineral";"85452000";4987978;444375;"KGL";"QUILOGRAMA LIQUIDO";6,287;"Escovas de carvão, para usos elétricos"
"2018";"Carvão Mineral";"27071000";3518962;7088893;"KGL";"QUILOGRAMA LIQUIDO";4,435;"Benzol (benzeno) (produtos da destilação dos alcatrões de hulha)"
"2018";"Carvão Mineral";"38021000";1232196;935111;"KGL";"QUILOGRAMA LIQUIDO";1,553;"Carvões ativados"
"2018";"Carvão Mineral";"27040090";783368;1052741;"KGL";"QUILOGRAMA LIQUIDO";0,987;"Semicoques de hulha, linhita ou turfa, carvão de retorta"
"2018";"Carvão Mineral";"27079100";316017;418230;"KGL";"QUILOGRAMA LIQUIDO";0,398;"Óleos de creosoto"
"2018";"Carvão Mineral";"27079910";293945;115100;"KGL";"QUILOGRAMA LIQUIDO";0,37;"Cresóis"
"2018";"Caulim";"25070010";169955978;1546431,547;"TML";"TONELADA METRICA LIQUIDA";80,277;"Caulim (caulino), mesmo calcinados"
"2018";"Caulim";"48109290";38145693;42258,764;"TML";"TONELADA METRICA LIQUIDA";18,018;"Outros papéis e cartões de camadas múltiplas, revestidos de caulim, em rolos ou folhas"
"2018";"Caulim";"69111090";2351523;1203,516;"TML";"TONELADA METRICA LIQUIDA";1,111;"Outros artigos para serviços de mesa/cozinha, de porcelana"
"2018";"Caulim";"69111010";434525;98,037;"TML";"TONELADA METRICA LIQUIDA";0,205;"Conjunto (jogo ou aparelho) para jantar, café ou chá, apresentado em embalagem comum, de porcelana"
"2018";"Caulim";"25070090";388077;1516,499;"TML";"TONELADA METRICA LIQUIDA";0,183;"Outras argilas caulínicas, mesmo calcinadas"
"2018";"Caulim";"69101000";337866;18000;"UNID.";"NUMERO (UNIDADE)";0,16;"Pias, lavatórios, etc, para sanitários, de porcelana"
"2018";"Caulim";"69131000";55017;1,514;"TML";"TONELADA METRICA LIQUIDA";0,026;"Estatuetas/outros objetos ornamentais de porcelana"
"2018";"Caulim";"69141000";34316;2,207;"TML";"TONELADA METRICA LIQUIDA";0,016;"Outras obras de porcelana"
"2018";"Caulim";"69119000";5274;0,35;"TML";"TONELADA METRICA LIQUIDA";0,002;"Outros artigos de uso doméstico, higiene, etc, de porcelana"
"2018";"Caulim";"48109990";1161;0,57;"TML";"TONELADA METRICA LIQUIDA";0,001;"Outros papéis/cartões, revestidos de caulim, em rolos/folhas"
"2018";"Chumbo";"85071090";106456575;2213431;"UNID.";"NUMERO (UNIDADE)";62,71;"Outros acumuladores elétricos de chumbo"
"2018";"Chumbo";"78011011";33705932;14159;"TML";"TONELADA METRICA LIQUIDA";19,855;"Chumbo refinado, eletrolítico, em lingotes"
"2018";"Chumbo";"26070000";16911907;16815,003;"TML";"TONELADA METRICA LIQUIDA";9,962;"Minérios de chumbo e seus concentrados"
"2018";"Chumbo";"85072010";5479550;45240;"UNID.";"NUMERO (UNIDADE)";3,228;"Outros acumuladores elétricos, de chumbo, peso <= 1000 kg"
"2018";"Chumbo";"78019900";1546371;2470674;"TML";"TONELADA METRICA LIQUIDA";0,911;"Outras formas brutas de chumbo"
"2018";"Chumbo";"28241000";1490650;460;"TML";"TONELADA METRICA LIQUIDA";0,878;"Monóxido de chumbo (litargirio, massicote)"
"2018";"Chumbo";"85072090";1445577;4605;"UNID.";"NUMERO (UNIDADE)";0,852;"Outros acumuladores elétricos, de chumbo"
"2018";"Chumbo";"78060090";1223520;199,574;"TML";"TONELADA METRICA LIQUIDA";0,721;"Outras obras de chumbo"
"2018";"Chumbo";"85071010";498658;30661;"UNID.";"NUMERO (UNIDADE)";0,294;"Acumuladores elétricos de chumbo, do tipo utilizado para o arranque dos motores de pistão, de capacidade inferior ou igual a 20 Ah e tensão inferior ou igual a 12 V"
"2018";"Chumbo";"78060010";347748;32,535;"TML";"TONELADA METRICA LIQUIDA";0,205;"Barras, perfis e fios de chumbo"
"2018";"Cobalto";"28220090";1884189;30,405;"TML";"TONELADA METRICA LIQUIDA";63,384;"Outros óxidos e hidróxidos de cobalto, inclusive os comerciais"
"2018";"Cobalto";"28220010";634228;10,85;"TML";"TONELADA METRICA LIQUIDA";21,335;"Tetraóxido de tricobalto (óxido salino de cobalto)"
"2018";"Cobalto";"26050000";255446;148,137;"TML";"TONELADA METRICA LIQUIDA";8,593;"Minérios de cobalto e seus concentrados"
"2018";"Cobalto";"81059010";98411;0,106;"TML";"TONELADA METRICA LIQUIDA";3,311;"Chapas, folhas, tiras, fios, hastes, pastilhas e plaquetas, de cobalto"
"2018";"Cobalto";"81052010";61893;4,679;"TML";"TONELADA METRICA LIQUIDA";2,082;"Cobalto em formas brutas"
"2018";"Cobalto";"81059090";31804;0,001;"TML";"TONELADA METRICA LIQUIDA";1,07;"Outras obras de cobalto"
"2018";"Cobalto";"28273997";6686;0,251;"TML";"TONELADA METRICA LIQUIDA";0,225;"Cloreto de cobalto"
"2018";"Cobre";"26030090";2060909053;935307,64;"TML";"TONELADA METRICA LIQUIDA";57,986;"Outros minérios de cobre e seus concentrados"
"2018";"Cobre";"26030010";579345411;311239,519;"TML";"TONELADA METRICA LIQUIDA";16,301;"Sulfetos de minérios de cobre e seus concentrados"
"2018";"Cobre";"74031100";288374612;43951;"TML";"TONELADA METRICA LIQUIDA";8,114;"Cátodos e seus elementos de cobre refinado, em formas brutas"
"2018";"Cobre";"74081100";134475820;20204,832;"TML";"TONELADA METRICA LIQUIDA";3,784;"Fios de cobre refinado, com a maior dimensão da seção transversal superior a 6 mm"
"2018";"Cobre";"74081900";119052452;14316,659;"TML";"TONELADA METRICA LIQUIDA";3,35;"Outros fios de cobre refinado"
"2018";"Cobre";"74111010";66795880;8679,469;"TML";"TONELADA METRICA LIQUIDA";1,879;"Tubos de cobre refinado, não aletados nem ranhurados"
"2018";"Cobre";"74040000";58779410;14814,087;"TML";"TONELADA METRICA LIQUIDA";1,654;"Desperdícios e resíduos, de cobre"
"2018";"Cobre";"74092100";55024084;8847,62;"TML";"TONELADA METRICA LIQUIDA";1,548;"Chapas e tiras de ligas à base de cobre-zinco (latão, de espessura superior a 0,15 mm, em rolos"
"2018";"Cobre";"85441100";46788809;5701,011;"TML";"TONELADA METRICA LIQUIDA";1,316;"Fios de cobre para bobinar, isolados para usos elétricos (incluindo os envernizados ou oxidados anodicamente)"
"2018";"Cobre";"74010000";41029566;19480,673;"TML";"TONELADA METRICA LIQUIDA";1,154;"Mates de cobre; cobre de cementação (precipitado de cobre)"
"2018";"Coríndon";"38160021";326;100;"KGL";"QUILOGRAMA LIQUIDO";100;"Preparações refratárias que contenham grafita e 50 % ou mais, em peso, de coríndon"
"2018";"Cromo";"72042100";55630209;37245,003;"TML";"TONELADA METRICA LIQUIDA";17,15;"Desperdícios e resíduos de aços inoxidáveis"
"2018";"Cromo";"72193300";45855377;26360,287;"TML";"TONELADA METRICA LIQUIDA";14,136;"Produtos laminados planos de aço inoxidável, de largura igual ou superior a 600 mm, simplesmente laminados a frio, de espessura superior a 1 mm, mas inferior a 3 mm"
"2018";"Cromo";"72193400";41886751;22864,568;"TML";"TONELADA METRICA LIQUIDA";12,913;"Produtos laminados planos de aço inoxidável, de largura igual ou superior a 600 mm, simplesmente laminados a frio, de espessura igual ou superior a 0,5 mm, mas não superior a 1 mm"
"2018";"Cromo";"72222000";23928721;2939,453;"TML";"TONELADA METRICA LIQUIDA";7,377;"Barras de aço inxodiável simplesmente obtidas ou completamente acabadas a frio"
"2018";"Cromo";"73239300";18790616;2003,798;"TML";"TONELADA METRICA LIQUIDA";5,793;"Outros artefatos domésticos, de aços inoxidáveis, e partes"
"2018";"Cromo";"82159910";18151744;2362,835;"TML";"TONELADA METRICA LIQUIDA";5,596;"Colheres, garfos, conchas, escumadeiras, etc, de aços inoxidáveis"
"2018";"Cromo";"73241000";15399184;2083,812;"TML";"TONELADA METRICA LIQUIDA";4,747;"Pias e lavatórios, de aços inoxidáveis"
"2018";"Cromo";"72024900";14759529;5707,251;"TML";"TONELADA METRICA LIQUIDA";4,55;"Outras ligas de ferro-cromo"
"2018";"Cromo";"72192100";14010100;5232,319;"TML";"TONELADA METRICA LIQUIDA";4,319;"Produtos laminados planos de aço inoxidável, de largura igual ou superior a 600 mm, simplesmente laminados a quente, não enrolados, de espessura superior a 10 mm"
"2018";"Cromo";"72230000";9345764;692,145;"TML";"TONELADA METRICA LIQUIDA";2,881;"Fios de aço inoxidável"
"2018";"Diamante";"71021000";40309110;232068;"QUILT";"QUILATE";72,601;"Diamantes, mesmo trabalhados, mas não montados nem engastados, não selecionados"
"2018";"Diamante";"71023100";7563856;2794;"QUILT";"QUILATE";13,623;"Diamantes não industriais, em bruto ou simplesmente serrados, clivados ou desbastados"
"2018";"Diamante";"71023900";3222594;580;"QUILT";"QUILATE";5,804;"Outros diamantes não industriais, não montados, não engastados"
"2018";"Diamante";"68042119";2911901;182992;"KGL";"QUILOGRAMA LIQUIDO";5,245;"Outros mós de diamante natural ou sintético, aglomerado, de diâmetro inferior a 53,34 cm"
"2018";"Diamante";"68042111";729805;8247;"KGL";"QUILOGRAMA LIQUIDO";1,314;"Mós de diamante natural ou sintético, aglomerado, de diâmetro inferior a 53,34 cm, aglomerados com resina"
"2018";"Diamante";"68042190";665354;5256;"KGL";"QUILOGRAMA LIQUIDO";1,198;"Outros mós de diamante natural ou sintético, aglomerado"
"2018";"Diamante";"71022900";107239;9;"QUILT";"QUILATE";0,193;"Outros diamantes industriais, não montados, nem engastados"
"2018";"Diamante";"71022100";9994;97;"QUILT";"QUILATE";0,018;"Diamantes industriais, em bruto ou simplesmente serrados, clivados ou desbastados"
"2018";"Diamante";"71051000";1920;0;"QUILT";"QUILATE";0,003;"Pó de diamantes"
"2018";"Diatomita";"38029040";383451;575125;"KGL";"QUILOGRAMA LIQUIDO";53,149;"Outras argilas e terras ativadas"
"2018";"Diatomita";"25120000";337595;219621;"KGL";"QUILOGRAMA LIQUIDO";46,793;"Farinhas siliciosas fósseis (por exemplo, kieselguhr, tripolita, diatomita) e outras terras siliciosas análogas de densidade aparente não superior a 1, mesmo calcinadas"
"2018";"Diatomita";"38029010";417;10;"KGL";"QUILOGRAMA LIQUIDO";0,058;"Farinhas silíciosas fósseis (ativadas)"
"2018";"Dolomita";"25181000";13490661;243107335;"KGL";"QUILOGRAMA LIQUIDO";96,883;"Dolomita não calcinada nem sinterizada, denominada 'crua'"
"2018";"Dolomita";"25183000";262417;4872770;"KGL";"QUILOGRAMA LIQUIDO";1,885;"Aglomerados de dolomita"
"2018";"Dolomita";"25182000";171616;1520662;"KGL";"QUILOGRAMA LIQUIDO";1,232;"Dolomita calcinada ou sinterizada"
"2018";"Enxofre";"28332990";13947012;1793626;"KGL";"QUILOGRAMA LIQUIDO";67,339;"Outros sulfatos"
"2018";"Enxofre";"25030090";3085562;6670057;"KGL";"QUILOGRAMA LIQUIDO";14,898;"Outras formas de enxofre de qualquer espécie, exceto o enxofre sublimado, o precipitado e o coloidal"
"2018";"Enxofre";"28309019";2111023;757243;"KGL";"QUILOGRAMA LIQUIDO";10,192;"Outros sulfetos"
"2018";"Enxofre";"28020000";728055;918000;"KGL";"QUILOGRAMA LIQUIDO";3,515;"Enxofre sublimado ou precipitado; enxofre coloidal"
"2018";"Enxofre";"28322000";608918;921565;"KGL";"QUILOGRAMA LIQUIDO";2,94;"Outros sulfitos"
"2018";"Enxofre";"25020000";114773;490684;"KGL";"QUILOGRAMA LIQUIDO";0,554;"Piritas de ferro não ustuladas"
"2018";"Enxofre";"28334090";83260;10469;"KGL";"QUILOGRAMA LIQUIDO";0,402;"Outros peroxossulfatos (persulfatos)"
"2018";"Enxofre";"28070010";24863;664916;"KGL";"QUILOGRAMA LIQUIDO";0,12;"Ácido sulfúrico"
"2018";"Enxofre";"28111910";6640;3100;"KGL";"QUILOGRAMA LIQUIDO";0,032;"Ácido aminossulfônico (ácido sulfâmico)"
"2018";"Enxofre";"28333000";1450;1009;"KGL";"QUILOGRAMA LIQUIDO";0,007;"Alumes"
"2018";"Estanho";"80011000";186031792;174986;"TML";"TONELADA METRICA LIQUIDA";85,096;"Estanho não ligado, em forma bruta"
"2018";"Estanho";"26090000";22877851;2745,028;"TML";"TONELADA METRICA LIQUIDA";10,465;"Minérios de estanho e seus concentrados"
"2018";"Estanho";"80030000";5890348;370,478;"TML";"TONELADA METRICA LIQUIDA";2,694;"Barras, perfis e fios, de estanho"
"2018";"Estanho";"80012000";2248841;127,805;"TML";"TONELADA METRICA LIQUIDA";1,029;"Ligas de estanho, em forma bruta"
"2018";"Estanho";"80020000";1205835;127,857;"TML";"TONELADA METRICA LIQUIDA";0,552;"Desperdícios e resíduos, de estanho"
"2018";"Estanho";"80070020";345650;33,703;"TML";"TONELADA METRICA LIQUIDA";0,158;"Pós e escamas, de estanho"
"2018";"Estanho";"80070090";13366;12,916;"TML";"TONELADA METRICA LIQUIDA";0,006;"Outras obras de estanho"
"2018";"Estanho";"80070010";1460;0,029;"TML";"TONELADA METRICA LIQUIDA";0,001;"Chapas, folhas e tiras, de estanho"
"2018";"Estrôncio";"28164090";67194;112000;"KGL";"QUILOGRAMA LIQUIDO";53,314;"Óxidos, hidróxidos, peróxidos de estrôncio, etc."
"2018";"Estrôncio";"28369200";58840;44000;"KGL";"QUILOGRAMA LIQUIDO";46,686;"Carbonato de estrôncio"
"2018";"Feldspato";"25291000";1547499;1818608;"KGL";"QUILOGRAMA LIQUIDO";100;"Feldspato"
"2018";"Ferro";"26011100";16718804465;355069533,827;"TML";"TONELADA METRICA LIQUIDA";54,707;"Minérios de ferro e seus concentrados, exceto as piritas de ferro ustuladas (cinzas de piritas), não aglomerados"
"2018";"Ferro";"26011210";3501554310;34730088,155;"TML";"TONELADA METRICA LIQUIDA";11,458;"Minérios de ferro e seus concentrados, exceto as piritas de ferro ustuladas (cinzas de piritas), aglomerados por processo de peletização, de diâmetro superior ou igual a 8mm e inferior ou igual a 18mm"
"2018";"Ferro";"72071200";3260683747;6025433,638;"TML";"TONELADA METRICA LIQUIDA";10,67;"Outros produtos semimanufaturados de ferro ou aço não ligado, de seção transversal retangular, que contenham, em peso, menos de 0,25 % de carbono"
"2018";"Ferro";"72249000";1177939072;1995981,708;"TML";"TONELADA METRICA LIQUIDA";3,854;"Produtos semimanufaturados, de outras ligas de aços"
"2018";"Ferro";"72011000";750473642;1800367,239;"TML";"TONELADA METRICA LIQUIDA";2,456;"Ferro fundido bruto não ligado, que contenha, em peso, 0,5 % ou menos de fósforo"
"2018";"Ferro";"72072000";556612201;1079575,46;"TML";"TONELADA METRICA LIQUIDA";1,821;"Produtos semimanufaturados de ferro ou aço não ligado, que contenham, em peso, 0,25 % ou mais de carbono"
"2018";"Ferro";"73051100";385632256;286111,192;"TML";"TONELADA METRICA LIQUIDA";1,262;"Tubos dos tipos utilizados em oleodutos ou gasodutos, soldados longitudinalmente por arco imerso, de seção circular, de diâmetro exterior superior a 406,4 mm, de ferro ou aço"
"2018";"Ferro";"72083990";290713033;509577,42;"TML";"TONELADA METRICA LIQUIDA";0,951;"Outros produtos laminados planos, de ferro ou aço não ligado, de largura igual ou superior a 600 mm, não folheados ou chapeados, nem revestidos, em rolos, simplesmente laminados a quente, de espessura inferior a 3 mm"
"2018";"Ferro";"72142000";284322351;501199,855;"TML";"TONELADA METRICA LIQUIDA";0,93;"Barras de ferro ou aço não ligado, a quente, dentadas, com nervuras, sulcos ou relevos, obtidos durante a laminagem, ou torcidas após laminagem"
"2018";"Ferro";"72083910";226940406;382699,25;"TML";"TONELADA METRICA LIQUIDA";0,743;"Produtos laminados planos, de ferro ou aço não ligado, de largura igual ou superior a 600 mm,não folheados ou chapeados, nem revestidos, em rolos, simplesmente laminados a quente,de espessura inferior a 3 mm,com um limite mínimo de elasticidade de 275 MPa"
"2018";"Fluorita";"28261990";804768;318035;"KGL";"QUILOGRAMA LIQUIDO";65,668;"Outros fluoretos"
"2018";"Fluorita";"28269090";350313;205541;"KGL";"QUILOGRAMA LIQUIDO";28,585;"Outros fluossilicatos, fluoraluminatos, sais complexos fluor"
"2018";"Fluorita";"25292200";48611;73000;"KGL";"QUILOGRAMA LIQUIDO";3,967;"Espatoflúor, que contenha, em peso, mais de 97 % de fluoreto de cálcio"
"2018";"Fluorita";"28111940";14351;2940;"KGL";"QUILOGRAMA LIQUIDO";1,171;"Fluorácidos e outros compostos de flúor"
"2018";"Fluorita";"28269020";4406;4000;"KGL";"QUILOGRAMA LIQUIDO";0,36;"Fluossilicatos de sódio ou de potássio"
"2018";"Fluorita";"25292100";1564;1100;"KGL";"QUILOGRAMA LIQUIDO";0,128;"Espatoflúor, que contenha, em peso, 97 % ou menos de fluoreto de cálcio"
"2018";"Fluorita";"28111100";1500;940;"KGL";"QUILOGRAMA LIQUIDO";0,122;"Fluoreto de hidrogênio (ácido fluorídrico)"
"2018";"Fosfato";"31052000";109330752;285111,003;"TML";"TONELADA METRICA LIQUIDA";64,277;"Adubos (fertilizantes) minerais ou químicos, que contenham os três elementos fertilizantes: nitrogênio (azoto), fósforo e potássio"
"2018";"Fosfato";"28092011";21047387;22365,759;"TML";"TONELADA METRICA LIQUIDA";12,374;"Ácido fosfórico com teor de ferro inferior a 750 ppm"
"2018";"Fosfato";"31055900";20767583;53329,315;"TML";"TONELADA METRICA LIQUIDA";12,21;"Outros adubos/fertilizantes minerais químicos, com nitrogênio e fósforo"
"2018";"Fosfato";"36050000";6997243;2164,327;"TML";"TONELADA METRICA LIQUIDA";4,114;"Fósforos, exceto os artigos de pirotecnia da posição 36.04"
"2018";"Fosfato";"38089192";3161348;327,994;"TML";"TONELADA METRICA LIQUIDA";1,859;"Inseticida à base de cipermetrinas ou de permetrina, apresentado de outro modo"
"2018";"Fosfato";"31056000";3024249;3134,444;"TML";"TONELADA METRICA LIQUIDA";1,778;"Adubos (fertilizantes) minerais ou químicos, que contenham os dois elementos fertilizantes: fósforo e potássio"
"2018";"Fosfato";"31039090";1893570;4403,883;"TML";"TONELADA METRICA LIQUIDA";1,113;"Outros adubos ou fertilizantes minerais/químicos, fosfatados"
"2018";"Fosfato";"31031900";1583604;645,699;"TML";"TONELADA METRICA LIQUIDA";0,931;"Outros superfosfatos"
"2018";"Fosfato";"31054000";409081;670,523;"TML";"TONELADA METRICA LIQUIDA";0,241;"Diidrogeno-ortofosfato de amônio (fosfato monoamônico ou monoamoniacal), mesmo misturado com hidrogeno-ortofosfato de diamônio (fosfato diamônico ou diamoniacal)"
"2018";"Fosfato";"31053010";325343;654;"TML";"TONELADA METRICA LIQUIDA";0,191;"Hidrogeno-ortofosfato de diamônio (fosfato diamônico ou diamoniacal), com teor de arsênio superior ou igual a 6 mg/kg"
"2018";"Gemas";"71039900";83343652;36432430088;"QUILT";"QUILATE";50,124;"Outras pedras preciosas (exceto diamantes) ou semipreciosas, trabalhadas de outro modo"
"2018";"Gemas";"71031000";47614607;10007340;"KGL";"QUILOGRAMA LIQUIDO";28,636;"Pedras preciosas (exceto diamantes) ou semipreciosas, em bruto ou simplesmente serradas ou desbastadas"
"2018";"Gemas";"71039100";17154759;43372740;"QUILT";"QUILATE";10,317;"Rubis, safiras e esmeraldas, trabalhadas de outro modo"
"2018";"Gemas";"71162090";15803443;1430738;"KGL";"QUILOGRAMA LIQUIDO";9,504;"Outras obras de pedras preciosas/semi, sintética/reconstituída"
"2018";"Gemas";"99997102";2123639;404;"KGL";"QUILOGRAMA LIQUIDO";1,277;"Pedras lapidadas/trabalhadas do capítulo 71 da NCM"
"2018";"Gemas";"99997101";205336;342;"KGL";"QUILOGRAMA LIQUIDO";0,123;"Pedras em bruto do capítulo 71 da NCM"
"2018";"Gemas";"71059000";30711;1052;"KGL";"QUILOGRAMA LIQUIDO";0,018;"Pó de pedras preciosas ou semipreciosas ou de pedras sintéticas"
"2018";"Gipsita";"25202090";1063185;30587665;"KGL";"QUILOGRAMA LIQUIDO";27,661;"Outras formas de gesso"
"2018";"Gipsita";"34070090";842691;152703;"KGL";"QUILOGRAMA LIQUIDO";21,925;"Outras composições para dentistas, à base de gesso"
"2018";"Gipsita";"68091100";669633;3567547;"KGL";"QUILOGRAMA LIQUIDO";17,422;"Chapas, placas, painéis, ladrilhos e semelhantes, não ornamentados, revestidos ou reforçados exclusivamente com papel ou cartão, de gesso ou de composições à base de gesso"
"2018";"Gipsita";"34070010";617641;383280;"KGL";"QUILOGRAMA LIQUIDO";16,069;"Pastas para modelar"
"2018";"Gipsita";"96099000";322419;71701;"KGL";"QUILOGRAMA LIQUIDO";8,389;"Pastéis, carvões, gizes para escrever/desenhar e de alfaiate"
"2018";"Gipsita";"34070020";258002;77399;"KGL";"QUILOGRAMA LIQUIDO";6,713;"Ceras para dentistas"
"2018";"Gipsita";"68099000";44426;14034;"KGL";"QUILOGRAMA LIQUIDO";1,156;"Outras obras de gesso ou de composições à base de gesso"
"2018";"Gipsita";"68091900";14570;14372;"KGL";"QUILOGRAMA LIQUIDO";0,379;"Outras chapas, placas, painéis, ladrilhos e semelhantes, não ornamentados, de gesso ou de composições à base de gesso"
"2018";"Gipsita";"25201019";9868;905;"KGL";"QUILOGRAMA LIQUIDO";0,257;"Outras formas de gipsitas"
"2018";"Gipsita";"25202010";1024;204;"KGL";"QUILOGRAMA LIQUIDO";0,027;"Gesso moído, apto para uso odontológico"
"2018";"Grafita";"25041000";31144716;21896,952;"TML";"TONELADA METRICA LIQUIDA";64,762;"Grafita natural em pó ou em escamas"
"2018";"Grafita";"38011000";9292796;9068,227;"TML";"TONELADA METRICA LIQUIDA";19,323;"Grafita artificial"
"2018";"Grafita";"68151090";1862241;90,594;"TML";"TONELADA METRICA LIQUIDA";3,872;"Outras obras de grafita/outros carbonos, para uso não elétrico"
"2018";"Grafita";"25049000";1758534;1956,395;"TML";"TONELADA METRICA LIQUIDA";3,657;"Grafita natural, em outras formas"
"2018";"Grafita";"69031012";1296145;233,37;"TML";"TONELADA METRICA LIQUIDA";2,695;"Cadinhos refratrários, elaborados com uma mistura de grafita e carboneto de silício"
"2018";"Grafita";"96092000";984041;33,01;"TML";"TONELADA METRICA LIQUIDA";2,046;"Minas para lápis/lapiseiras"
"2018";"Grafita";"69031090";371552;45,076;"TML";"TONELADA METRICA LIQUIDA";0,773;"Outros produtos cerâmicos refratários de grafita ou outro carbono > 50%"
"2018";"Grafita";"38013090";354262;306,655;"TML";"TONELADA METRICA LIQUIDA";0,737;"Pastas semelhantes às carbonadas, para revestimento interior de fornos"
"2018";"Grafita";"38012090";269049;325,993;"TML";"TONELADA METRICA LIQUIDA";0,559;"Outras grafitas coloidais ou semicoloidais"
"2018";"Grafita";"69031011";257104;18,109;"TML";"TONELADA METRICA LIQUIDA";0,535;"Cadinhos refratrários, de grafita"
"2018";"Iodo";"28012090";3210739;126000;"KGL";"QUILOGRAMA LIQUIDO";57,824;"Outras formas de iodo"
"2018";"Iodo";"28276019";2340471;100400;"KGL";"QUILOGRAMA LIQUIDO";42,151;"Outros iodetos"
"2018";"Iodo";"28299040";1414;460;"KGL";"QUILOGRAMA LIQUIDO";0,025;"Periodatos"
"2018";"Iodo";"28012010";14;2;"KGL";"QUILOGRAMA LIQUIDO";0;"Iodo sublimado"
"2018";"Iodo";"28299039";8;2;"KGL";"QUILOGRAMA LIQUIDO";0;"Outros iodatos"
"2018";"Irídio";"28439030";228750;24;"KGL";"QUILOGRAMA LIQUIDO";100;"Ácido hexacloroirídico em solução aquosa com uma concentração igual ou superior a 17 %, mas inferior ou igual a 27 %, em peso"
"2018";"Lítio";"25309010";1733154;3060,464;"TML";"TONELADA METRICA LIQUIDA";55,738;"Espodumênio"
"2018";"Lítio";"85076000";1085875;178533;"UNID.";"NUMERO (UNIDADE)";34,921;"Acumuladores eletricos de ion de litio"
"2018";"Lítio";"85065010";156952;102841;"UNID.";"NUMERO (UNIDADE)";5,048;"Pilhas e baterias de pilhas, elétricas, de lítio, com volume exterior não superior a 300 cm3"
"2018";"Lítio";"85065090";133496;104098;"UNID.";"NUMERO (UNIDADE)";4,293;"Outras pilhas e baterias de pilhas, elétricas, de lítio"
"2018";"Magnésio";"25199090";134004578;263502090;"KGL";"QUILOGRAMA LIQUIDO";93,214;"Magnésia calcinada a fundo e outros óxidos de magnésio"
"2018";"Magnésio";"38160011";6766537;11462257;"KGL";"QUILOGRAMA LIQUIDO";4,707;"Cimento/argamassa, a base de magnesita calcinada, refratrário"
"2018";"Magnésio";"25199010";1110490;456000;"KGL";"QUILOGRAMA LIQUIDO";0,772;"Magnésia eletrofundida"
"2018";"Magnésio";"81041900";649000;160000;"KGL";"QUILOGRAMA LIQUIDO";0,451;"Outras formas brutas de magnésio"
"2018";"Magnésio";"28332100";552321;849948;"KGL";"QUILOGRAMA LIQUIDO";0,384;"Sulfato de magnésio"
"2018";"Magnésio";"28369911";200407;116910;"KGL";"QUILOGRAMA LIQUIDO";0,139;"Carbonatos de magnésio, de densidade aparente inferior a 200 kg/m3"
"2018";"Magnésio";"28419082";191488;148932;"KGL";"QUILOGRAMA LIQUIDO";0,133;"Aluminato de magnésio"
"2018";"Magnésio";"81043000";162781;40000;"KGL";"QUILOGRAMA LIQUIDO";0,113;"Aparas, resíduos de torno e grânulos, calibrados; pós, de magnésio"
"2018";"Magnésio";"28273190";59093;90873;"KGL";"QUILOGRAMA LIQUIDO";0,041;"Outros cloretos de magnésio"
"2018";"Magnésio";"28161010";51562;33040;"KGL";"QUILOGRAMA LIQUIDO";0,036;"Hidróxido de magnésio"
"2018";"Manganês";"26020090";394094855;19610921,743;"TML";"TONELADA METRICA LIQUIDA";78,946;"Outros minérios de manganês e seus concentrados, incluindo os minérios de manganês ferruginosos e seus concentrados, de teor em manganês de 20 % ou mais, em peso, sobre o produto seco"
"2018";"Manganês";"72023000";53975620;48036,796;"TML";"TONELADA METRICA LIQUIDA";10,813;"Ferro-silício-manganês"
"2018";"Manganês";"26020010";12692652;74600,21;"TML";"TONELADA METRICA LIQUIDA";2,543;"Minérios de manganês e seus concentrados, incluindo os minérios de manganês ferruginosos e seus concentrados, de teor em manganês de 20 % ou mais, em peso, sobre o produto seco, aglomerados"
"2018";"Manganês";"38089293";9815425;2425,318;"TML";"TONELADA METRICA LIQUIDA";1,966;"Fungicida à base de mancozeb ou de maneb"
"2018";"Manganês";"72021100";9170833;7962,795;"TML";"TONELADA METRICA LIQUIDA";1,837;"Ferro-manganês, que contenham, em peso, mais de 2 % de carbono"
"2018";"Manganês";"28209010";8576430;11826,602;"TML";"TONELADA METRICA LIQUIDA";1,718;"Óxido manganoso"
"2018";"Manganês";"85061020";6586876;62616856;"UNID.";"NUMERO (UNIDADE)";1,32;"Outras pilhas, de dióxido de manganês"
"2018";"Manganês";"85061010";2389007;17352229;"UNID.";"NUMERO (UNIDADE)";0,479;"Pilhas alcalinas, de dióxido de manganês"
"2018";"Manganês";"72021900";797922;433,524;"TML";"TONELADA METRICA LIQUIDA";0,16;"Outras ligas de ferro-manganês"
"2018";"Manganês";"28201000";554615;589,363;"TML";"TONELADA METRICA LIQUIDA";0,111;"Dióxido de manganês"
"2018";"Materiais Radioativos";"28442000";3411737;3436;"KGL";"QUILOGRAMA LIQUIDO";83,533;"Urânio enriquecido em U235 e seus compostos; plutônio e seus compostos; ligas, dispersões (incluindo os ceramais (cermets)), produtos cerâmicos e misturas que contenham urânio enriquecido em U235, plutônio ou compostos destes produtos"
"2018";"Materiais Radioativos";"28444090";523878;13426;"KGL";"QUILOGRAMA LIQUIDO";12,827;"Outros elementos, isotopos e compostos, radioativos, etc."
"2018";"Materiais Radioativos";"28444020";148660;10;"KGL";"QUILOGRAMA LIQUIDO";3,64;"Cobalto 60"
"2018";"Mercúrio";"28521014";436;1;"KGL";"QUILOGRAMA LIQUIDO";87,026;"Cloreto de mercúrio ii (cloreto mercúrico), em outro modo"
"2018";"Mercúrio";"28521019";55;1;"KGL";"QUILOGRAMA LIQUIDO";10,978;"Outros compostos inorgânicos de mercúrio"
"2018";"Mercúrio";"85063010";10;1;"UNID.";"NUMERO (UNIDADE)";1,996;"Pilhas e baterias de pilhas, de óxido de mercúrio, com volume exterior não superior a 300 cm3"
"2018";"Metais Preciosos - Diversos";"71129900";190109003;8219355;"KGL";"QUILOGRAMA LIQUIDO";50,049;"Outros resíduos/desperdícios, de outros metais preciosos, etc"
"2018";"Metais Preciosos - Diversos";"28439090";73108992;14354;"KGL";"QUILOGRAMA LIQUIDO";19,247;"Outros compostos inorgânicos/orgânicos, amálgamas, de metais preciosos"
"2018";"Metais Preciosos - Diversos";"71159000";38462940;78565333;"KGL";"QUILOGRAMA LIQUIDO";10,126;"Outras obras de metais preciosos, metais folheados/chapeados preciosos"
"2018";"Metais Preciosos - Diversos";"38151210";31494417;170169;"KGL";"QUILOGRAMA LIQUIDO";8,291;"Catalisadores em suporte, tendo como substância ativa um metal precioso ou um composto de metal precioso, em colméia cerâmica ou metálica para conversão catalítica de gases de escape de veículos"
"2018";"Metais Preciosos - Diversos";"71131900";26572758;5251;"KGL";"QUILOGRAMA LIQUIDO";6,996;"Artefatos de joalharia, de outros metais preciosos, mesmo revestidos, folheados ou chapeados de metais preciosos (plaquê)"
"2018";"Metais Preciosos - Diversos";"38151900";8233741;1175830;"KGL";"QUILOGRAMA LIQUIDO";2,168;"Outros catalizadores em suporte"
"2018";"Metais Preciosos - Diversos";"28431000";6262504;14455;"KGL";"QUILOGRAMA LIQUIDO";1,649;"Metais preciosos no estado coloidal"
"2018";"Metais Preciosos - Diversos";"71132000";3077357;87302;"KGL";"QUILOGRAMA LIQUIDO";0,81;"Artefatos de joalharia, de metais comuns folheados ou chapeados de metais preciosos (plaquê)"
"2018";"Metais Preciosos - Diversos";"99997104";956981;3044;"KGL";"QUILOGRAMA LIQUIDO";0,252;"Outros artigos do capitulo 71 da NCM"
"2018";"Metais Preciosos - Diversos";"91011100";625306;238;"UNID.";"NUMERO (UNIDADE)";0,165;"Relógios de pulso, com caixa de metais preciosos, funcionando eletricamente, mesmo com contador de tempo incorporado, de mostrador exclusivamente mecânico"
"2018";"Mica";"68141000";4987897;675058;"KGL";"QUILOGRAMA LIQUIDO";64,718;"Placas, folhas ou tiras, de mica aglomerada ou reconstituída, mesmo com suporte"
"2018";"Mica";"25251000";2585543;3763011;"KGL";"QUILOGRAMA LIQUIDO";33,548;"Mica em bruto ou clivada em folhas ou lamelas irregulares (splittings)"
"2018";"Mica";"25252000";97984;124706;"KGL";"QUILOGRAMA LIQUIDO";1,271;"Mica em pó"
"2018";"Mica";"68149000";35661;744;"KGL";"QUILOGRAMA LIQUIDO";0,463;"Outras obras de mica ou mica trabalhada"
"2018";"Minerais Abrasivos - Diversos";"68042211";26169843;7549699;"KGL";"QUILOGRAMA LIQUIDO";41,016;"Mós de outros abrasivos aglomerados ou de cerâmica, de diâmetro inferior a 53,34 cm, aglomerados com resina"
"2018";"Minerais Abrasivos - Diversos";"68052000";14936918;3494505;"KGL";"QUILOGRAMA LIQUIDO";23,411;"Abrasivos naturais ou artificiais, em pó ou em grãos, aplicados sobre matérias têxteis, papel, cartão ou outras matérias, mesmo recortados, costurados ou reunidos de outro modo, aplicados apenas sobre papel ou cartão"
"2018";"Minerais Abrasivos - Diversos";"68053090";6625551;774146;"KGL";"QUILOGRAMA LIQUIDO";10,384;"Outros abrasivos naturais/artificiais em pó/grãos aplicados sobre outras matérias têxteis"
"2018";"Minerais Abrasivos - Diversos";"68051000";6012022;28477080;"KGL";"QUILOGRAMA LIQUIDO";9,423;"Abrasivos naturais ou artificiais, em pó ou em grãos, aplicados sobre matérias têxteis, papel, cartão ou outras matérias, mesmo recortados, costurados ou reunidos de outro modo, aplicados apenas sobre tecidos de matérias têxteis"
"2018";"Minerais Abrasivos - Diversos";"68042290";3342955;205033;"KGL";"QUILOGRAMA LIQUIDO";5,239;"Outros mós de outros abrasivos aglomerados ou de cerâmica"
"2018";"Minerais Abrasivos - Diversos";"68053020";2114713;333333;"KGL";"QUILOGRAMA LIQUIDO";3,314;"Discos abrasivos de fibra vulcanizada, recobertos com óxido de alumínio ou carboneto de silício"
"2018";"Minerais Abrasivos - Diversos";"68042219";1821331;390162;"KGL";"QUILOGRAMA LIQUIDO";2,855;"Outros mós de outros abrasivos aglomerados ou de cerâmica, de diâmetro inferior a 53,34 cm"
"2018";"Minerais Abrasivos - Diversos";"25132000";1395378;47463;"KGL";"QUILOGRAMA LIQUIDO";2,187;"Esmeril, corindo natural, granada natural e outros abrasivos naturais"
"2018";"Minerais Abrasivos - Diversos";"68043000";891311;228407;"KGL";"QUILOGRAMA LIQUIDO";1,397;"Pedras para amolar ou para polir, manualmente"
"2018";"Minerais Abrasivos - Diversos";"68053010";433421;60062;"KGL";"QUILOGRAMA LIQUIDO";0,679;"Abrasivos naturais ou artificiais, com suporte de papel ou cartão combinados com matérias têxteis"
"2018";"Minerais Abrasivos - Outros";"25131000";4645;466;"KGL";"QUILOGRAMA LIQUIDO";100;"Pedra-pomes; esmerilhado/outros abrasivos naturais tratamento térmico"
"2018";"Minerais Metálicos - Diversos";"93062100";195935715;8184170;"KGL";"QUILOGRAMA LIQUIDO";12,184;"Cartuchos para espingardas ou carabinas de cano liso"
"2018";"Minerais Metálicos - Diversos";"81129900";140061536;3113568;"KGL";"QUILOGRAMA LIQUIDO";8,71;"Obras de gálio, hafnio, índio, nióbio, renio e tálio"
"2018";"Minerais Metálicos - Diversos";"93033000";139031539;860975;"UNID.";"NUMERO (UNIDADE)";8,646;"Outras espingardas e carabinas de caça ou de tiro ao alvo"
"2018";"Minerais Metálicos - Diversos";"83099000";106951916;30064432;"KGL";"QUILOGRAMA LIQUIDO";6,651;"Rolhas, outras tampas e acessórios para embalagem, de metais comuns"
"2018";"Minerais Metálicos - Diversos";"68138190";81417054;35328635;"KGL";"QUILOGRAMA LIQUIDO";5,063;"Outras guarnições para freios"
"2018";"Minerais Metálicos - Diversos";"28259090";75532094;10187678;"KGL";"QUILOGRAMA LIQUIDO";4,697;"Óxidos, hidróxidos e peróxidos de outros metais, etc."
"2018";"Minerais Metálicos - Diversos";"82075011";52901695;1327578;"KGL";"QUILOGRAMA LIQUIDO";3,29;"Brocas helicoidais, com diâmetro inferior ou igual a 52 mm, de metais comuns, inclusive diamantada"
"2018";"Minerais Metálicos - Diversos";"82121020";45696532;196153532;"UNID.";"NUMERO (UNIDADE)";2,842;"Aparelhos de barbear, não elétricos"
"2018";"Minerais Metálicos - Diversos";"82073000";39413336;2313097;"KGL";"QUILOGRAMA LIQUIDO";2,451;"Ferramentas de embutir, de estampar ou de puncionar"
"2018";"Minerais Metálicos - Diversos";"94019090";36986426;6413095;"KGL";"QUILOGRAMA LIQUIDO";2,3;"Partes para assentos, de outras matérias"
"2018";"Minerais Metálicos - Outros";"26209990";155023;790976;"KGL";"QUILOGRAMA LIQUIDO";58,572;"Cinzas e resíduos, contendo outros metais"
"2018";"Minerais Metálicos - Outros";"26179000";94543;85937;"KGL";"QUILOGRAMA LIQUIDO";35,721;"Outros minérios e seus concentrados"
"2018";"Minerais Metálicos - Outros";"28051990";15103;10080;"KGL";"QUILOGRAMA LIQUIDO";5,706;"Outros metais alcalinos ou alcalinoterrosos"
"2018";"Minerais Refratários - Diversos";"68159110";44151598;26050763;"KGL";"QUILOGRAMA LIQUIDO";41,887;"Obras que contenham magnesita, dolomita ou cromita, crus, aglomerados com aglutinante químico"
"2018";"Minerais Refratários - Diversos";"69021018";36276823;28493370;"KGL";"QUILOGRAMA LIQUIDO";34,416;"Outros tijolos refratários magnesianos ou à base de óxido de cromo"
"2018";"Minerais Refratários - Diversos";"69022099";11998630;5059473;"KGL";"QUILOGRAMA LIQUIDO";11,383;"Outras peças cerâmicas refratária, que contenham, em peso, mais de 50 % de alumina (Al2O3), de sílica (SiO2) ou de uma mistura ou combinação destes produtos"
"2018";"Minerais Refratários - Diversos";"69032090";7277734;1616746;"KGL";"QUILOGRAMA LIQUIDO";6,904;"Outros produtos cerâmicos refratários, que contenham, em peso, mais de 50 % de alumina (Al2O3) ou de uma mistura ou combinação de alumina e sílica (SiO2)"
"2018";"Minerais Refratários - Diversos";"69022010";2118507;3413525;"KGL";"QUILOGRAMA LIQUIDO";2,01;"Tijolos sílico-aluminosos, refratrários"
"2018";"Minerais Refratários - Diversos";"69032020";1565813;377553;"KGL";"QUILOGRAMA LIQUIDO";1,486;"Tampas e tampões refratários, que contenham, em peso, mais de 50 % de alumina (Al2O3) ou de uma mistura ou combinação de alumina e sílica (SiO2)"
"2018";"Minerais Refratários - Diversos";"69032030";1527328;190825;"KGL";"QUILOGRAMA LIQUIDO";1,449;"Tubos refratrários, que contenham, em peso, mais de 50 % de alumina (Al2O3) ou de uma mistura ou combinação de alumina e sílica (SiO2)"
"2018";"Minerais Refratários - Diversos";"69032010";274795;62339;"KGL";"QUILOGRAMA LIQUIDO";0,261;"Cadinhos refratrários, que contenham, em peso, mais de 50 % de alumina (Al2O3) ou de uma mistura ou combinação de alumina e sílica (SiO2)"
"2018";"Minerais Refratários - Diversos";"69022091";107801;48282;"KGL";"QUILOGRAMA LIQUIDO";0,102;"Outras peças cerâmicas refratárias silico-aluminosos"
"2018";"Minerais Refratários - Diversos";"69021019";95515;71037;"KGL";"QUILOGRAMA LIQUIDO";0,091;"Outras peças cerâmicas refratrárias magnesianas ou à base de óxido de cromo"
"2018";"Minerais Refratários - Outros";"25085000";23638;29030;"KGL";"QUILOGRAMA LIQUIDO";97,581;"Andaluzita, cianita e silimanita"
"2018";"Minerais Refratários - Outros";"69022093";294;40;"KGL";"QUILOGRAMA LIQUIDO";1,214;"Outras peças cerâmicas refratárias de silimanita"
"2018";"Minerais Refratários - Outros";"38160012";292;106;"KGL";"QUILOGRAMA LIQUIDO";1,205;"Cimento e argamassa, à base de silimanita, refratrários"
"2018";"Molibdênio";"81029700";2432100;259376;"KGL";"QUILOGRAMA LIQUIDO";53,464;"Desperdícios e resíduos de molibdênio"
"2018";"Molibdênio";"26131010";1048932;78000;"KGL";"QUILOGRAMA LIQUIDO";23,058;"Molibdenita ustulada (minérios de molibdênio)"
"2018";"Molibdênio";"72027000";705925;40733;"KGL";"QUILOGRAMA LIQUIDO";15,518;"Ferro-molibdênio"
"2018";"Molibdênio";"26139090";277056;352503;"KGL";"QUILOGRAMA LIQUIDO";6,09;"Outros minérios de molibdênio não ustulados e concentrados"
"2018";"Molibdênio";"26131090";67916;79633;"KGL";"QUILOGRAMA LIQUIDO";1,493;"Outros minérios de molibdênio, ustulados, seus concentrados"
"2018";"Molibdênio";"81029900";14756;7;"KGL";"QUILOGRAMA LIQUIDO";0,324;"Outras obras de molibdênio"
"2018";"Molibdênio";"81029500";1811;0;"KGL";"QUILOGRAMA LIQUIDO";0,04;"Barras de molibdênio, exceto as simplesmente obtidas por sinterização, perfis, chapas, tiras e folhas"
"2018";"Molibdênio";"81029600";588;4;"KGL";"QUILOGRAMA LIQUIDO";0,013;"Fios de molibdênio"
"2018";"Nióbio";"72029300";2011633328;93085,794;"TML";"TONELADA METRICA LIQUIDA";100;"Ferro-nióbio"
"2018";"Níquel";"72026000";640051981;150964,798;"TML";"TONELADA METRICA LIQUIDA";92,208;"Ferro-níquel"
"2018";"Níquel";"75051210";36242353;1495,652;"TML";"TONELADA METRICA LIQUIDA";5,221;"Barras de ligas de níquel"
"2018";"Níquel";"75052200";7444853;304,234;"TML";"TONELADA METRICA LIQUIDA";1,073;"Fios de ligas de níquel"
"2018";"Níquel";"75089090";4327045;7,354;"TML";"TONELADA METRICA LIQUIDA";0,623;"Outras obras de níquel"
"2018";"Níquel";"75030000";2248824;733,8;"TML";"TONELADA METRICA LIQUIDA";0,324;"Desperdícios e resíduos, de níquel"
"2018";"Níquel";"75071200";1369408;40,397;"TML";"TONELADA METRICA LIQUIDA";0,197;"Tubos de ligas de níquel"
"2018";"Níquel";"85073090";951592;210;"UNID.";"NUMERO (UNIDADE)";0,137;"Outros acumuladores elétricos, de níquel-cádmio"
"2018";"Níquel";"85073019";269160;91;"UNID.";"NUMERO (UNIDADE)";0,039;"Outros acumuladores elétricos, de níquel-cádmio, peso <= 2500 kg"
"2018";"Níquel";"28254090";259002;209,348;"TML";"TONELADA METRICA LIQUIDA";0,037;"Outros óxidos e hidróxidos de níquel"
"2018";"Níquel";"85073011";213185;1730;"UNID.";"NUMERO (UNIDADE)";0,031;"Acumuladores elétricos de níquel-cádmio, peso <= 2500 kg, capacidade <= 15 ah"
"2018";"Ouro";"71081310";1866896130;47034;"KGL";"QUILOGRAMA LIQUIDO";65,877;"Ouro em barras, fios e perfis de seção maciça"
"2018";"Ouro";"71081210";936874176;31198;"KGL";"QUILOGRAMA LIQUIDO";33,059;"Bulhão dourado (bullion doré), em formas brutas, para uso não monetário"
"2018";"Ouro";"99997103";20693766;45;"KGL";"QUILOGRAMA LIQUIDO";0,73;"Joalheria de ouro do capitulo 71 da NCM"
"2018";"Ouro";"71081290";7738579;329;"KGL";"QUILOGRAMA LIQUIDO";0,273;"Ouro em outras formas brutas, para uso não monetário"
"2018";"Ouro";"71081390";1222534;31;"KGL";"QUILOGRAMA LIQUIDO";0,043;"Ouro em outras formas semimanufaturadas, bulhão dourado, uso não monetário"
"2018";"Ouro";"71129100";339012;19099;"KGL";"QUILOGRAMA LIQUIDO";0,012;"Outros resíduos/desperdícios de ouro, de metais folheados ou chapeados (plaquê) de ouro, exceto varreduras que contenham outros metais preciosos"
"2018";"Ouro";"28433090";115879;4;"KGL";"QUILOGRAMA LIQUIDO";0,004;"Outros compostos de ouro, exclusivamente auranofina, etc."
"2018";"Ouro";"71123010";45067;0;"KGL";"QUILOGRAMA LIQUIDO";0,002;"Cinzas que contenham ouro, mas que não contenham outros metais preciosos"
"2018";"Paládio";"71102100";1748460;56;"KGL";"QUILOGRAMA LIQUIDO";98,914;"Paládio em formas brutas ou em pó"
"2018";"Paládio";"71102900";19194;1;"KGL";"QUILOGRAMA LIQUIDO";1,086;"Paladio em formas semimanufaturadas"
"2018";"Platina";"71151000";44028159;1343;"KGL";"QUILOGRAMA LIQUIDO";96,646;"Telas ou grades catalisadoras, de platina"
"2018";"Platina";"71129200";948216;23598;"KGL";"QUILOGRAMA LIQUIDO";2,081;"Outros resíduos/desperdícios de platina, de metais folheados ou chapeados (plaquê) de platina, exceto varreduras que contenham outros metais preciosos"
"2018";"Platina";"71101100";347171;10211;"KGL";"QUILOGRAMA LIQUIDO";0,762;"Platina, em formas brutas ou em pó"
"2018";"Platina";"71101910";232770;1;"KGL";"QUILOGRAMA LIQUIDO";0,511;"Platina, em barras, fios e perfis de seção maciça"
"2018";"Platina (Grupo) - Diversos";"71104100";234298;1508;"KGL";"QUILOGRAMA LIQUIDO";100;"Irídio, ósmio e rutênio, em formas brutas ou em pó"
"2018";"Potássio";"31059090";11331226;4970391,14;"TML";"TONELADA METRICA LIQUIDA";34,76;"Outros adubos/fertilizantes minerais químicos com nitrogênio e potássio"
"2018";"Potássio";"28276012";9142838;454,052;"TML";"TONELADA METRICA LIQUIDA";28,047;"Iodetos de potássio"
"2018";"Potássio";"28152000";5879543;9190,755;"TML";"TONELADA METRICA LIQUIDA";18,036;"Hidróxido de potássio (potassa cáustica)"
"2018";"Potássio";"31042010";1851345;3893,813;"TML";"TONELADA METRICA LIQUIDA";5,679;"Cloreto de potássio, com teor de óxido de potássio (K2O) não superior a 60 %, em peso"
"2018";"Potássio";"31042090";1215166;2501,962;"TML";"TONELADA METRICA LIQUIDA";3,728;"Outros cloretos de potássio"
"2018";"Potássio";"31043090";809159;590,197;"TML";"TONELADA METRICA LIQUIDA";2,482;"Outros sulfatos de potássio"
"2018";"Potássio";"28299031";788029;44,476;"TML";"TONELADA METRICA LIQUIDA";2,417;"Iodatos de potássio"
"2018";"Potássio";"31049090";498653;811,105;"TML";"TONELADA METRICA LIQUIDA";1,53;"Outros adubos ou fertilizantes minerais/químicos, potássicos"
"2018";"Potássio";"28269010";494332;1370,602;"TML";"TONELADA METRICA LIQUIDA";1,516;"Fluoraluminato de potássio"
"2018";"Potássio";"28364000";277612;267;"TML";"TONELADA METRICA LIQUIDA";0,852;"Carbonatos de potássio"
"2018";"Prata";"28432100";26130869;77,878;"TML";"TONELADA METRICA LIQUIDA";64,223;"Nitrato de prata"
"2018";"Prata";"28432990";8300191;28,921;"TML";"TONELADA METRICA LIQUIDA";20,4;"Outros compostos de prata"
"2018";"Prata";"26161000";3017506;1070,286;"TML";"TONELADA METRICA LIQUIDA";7,416;"Minérios de prata e seus concentrados"
"2018";"Prata";"71069220";1096248;3,715;"TML";"TONELADA METRICA LIQUIDA";2,694;"Prata, em chapas, lâminas, folhas e tiras"
"2018";"Prata";"71131100";1048371;301,053;"TML";"TONELADA METRICA LIQUIDA";2,577;"Artefatos de joalharia, de prata, mesmo revestida, folheada ou chapeada de outros metais preciosos (plaquê)"
"2018";"Prata";"71069210";615019;53268,434;"TML";"TONELADA METRICA LIQUIDA";1,512;"Prata,em barras, fios e perfis de seção maciça"
"2018";"Prata";"71069290";427456;3,679;"TML";"TONELADA METRICA LIQUIDA";1,051;"Prata, em outras formas semimanufaturadas"
"2018";"Prata";"71070000";37917;114,012;"TML";"TONELADA METRICA LIQUIDA";0,093;"Metais comuns folheados ou chapeados (plaquê) de prata, em formas brutas ou semimanufaturadas"
"2018";"Prata";"71141100";12953;0,131;"TML";"TONELADA METRICA LIQUIDA";0,032;"Artefatos de ourivesaria, de prata, mesmo revestida, folheada ou chapeada de outros metais preciosos (plaquê)"
"2018";"Prata";"71069100";1182;0,007;"TML";"TONELADA METRICA LIQUIDA";0,003;"Prata, em formas brutas"
"2018";"Quartzo (Cristal)";"25061000";6644096;19276116;"KGL";"QUILOGRAMA LIQUIDO";56,674;"Quartzo"
"2018";"Quartzo (Cristal)";"85044021";4919759;206191;"UNID.";"NUMERO (UNIDADE)";41,965;"Retificadores, exceto carregadores de acumuladores, de cristal (semicondutores)"
"2018";"Quartzo (Cristal)";"85416010";141136;1735900;"UNID.";"NUMERO (UNIDADE)";1,204;"Cristais piezelétricos montados, de quartzo, de frequência superior ou igual a 1 MHz, mas inferior ou igual a 100 MHz"
"2018";"Quartzo (Cristal)";"85181010";16729;8720;"UNID.";"NUMERO (UNIDADE)";0,143;"Piezelétricos próprios para aparelhos telefônicos"
"2018";"Quartzo (Cristal)";"85182910";1626;8036;"UNID.";"NUMERO (UNIDADE)";0,014;"Piezelétricos próprios para aparelhos telefônicos"
"2018";"Rochas Betuminosas";"27150000";6795775;11320937;"KGL";"QUILOGRAMA LIQUIDO";56,923;"Misturas betuminosas à base de asfalto ou de betume naturais, de betume de petróleo, de alcatrão mineral ou de breu de alcatrão mineral (por exemplo, mástiques betuminosos e cut-backs)"
"2018";"Rochas Betuminosas";"68079000";3101036;3518762;"KGL";"QUILOGRAMA LIQUIDO";25,975;"Outras obras de asfalto ou de produtos semelhantes (por exemplo, breu ou pez)"
"2018";"Rochas Betuminosas";"68071000";1946242;1720458;"KGL";"QUILOGRAMA LIQUIDO";16,302;"Obras de asfalto ou de produtos semelhantes (por exemplo, breu ou pez), em rolos"
"2018";"Rochas Betuminosas";"27149000";48451;104970;"KGL";"QUILOGRAMA LIQUIDO";0,406;"Betumes, asfaltos naturais, asfaltitas, rochas asfálticas"
"2018";"Rochas Betuminosas";"48111090";44458;107023;"KGL";"QUILOGRAMA LIQUIDO";0,372;"Outros papéis e cartões de celulose, alcatroados, betumados ou asfaltados, em rolos ou em folhas de forma quadrada ou retangular"
"2018";"Rochas Betuminosas";"27141000";1550;155;"KGL";"QUILOGRAMA LIQUIDO";0,013;"Xistos e areias betuminosos"
"2018";"Rochas Betuminosas";"27090090";857;121;"M3";"METRO CUBICO";0,007;"Óleos brutos de minerais betuminosos"
"2018";"Rochas Betuminosas";"48111010";259;4;"KGL";"QUILOGRAMA LIQUIDO";0,002;"Papel e cartão de celulose, alcatroados, betumados ou asfaltados, em tiras ou rolos de largura não superior a 15 cm ou em folhas em que nenhum lado exceda 360 mm, quando não dobradas, em rolos ou em folhas de forma quadrada ou retangular"
"2018";"Rochas Britadas e Cascalho";"25171000";1204111;77459786;"KGL";"QUILOGRAMA LIQUIDO";77,32;"Calhaus, cascalho, pedras britadas, dos tipos geralmente usados em concreto ou para empedramento de estradas, de vias férreas ou outros balastros, seixos rolados e sílex, mesmo tratados termicamente"
"2018";"Rochas Britadas e Cascalho";"25174900";351852;23756812;"KGL";"QUILOGRAMA LIQUIDO";22,594;"Grânulos, lascas e pós, das pedras das posições 25.15 ou 25.16, mesmo tratados termicamente, de outras pedras de cantaria"
"2018";"Rochas Britadas e Cascalho";"25174100";1346;80;"KGL";"QUILOGRAMA LIQUIDO";0,086;"Grânulos, lascas e pós, das pedras das posições 25.15 ou 25.16, mesmo tratados termicamente, de mármore"
"2018";"Rochas e Minerais Industriais - Diversos";"38249979";14783466;5576950;"KGL";"QUILOGRAMA LIQUIDO";28,189;"Outros produtos e preparações à base de elementos químicos ou de seus compostos inorgânicos, não especificados nem compreendidos noutras posições"
"2018";"Rochas e Minerais Industriais - Diversos";"31051000";9794878;1221655;"KGL";"QUILOGRAMA LIQUIDO";18,677;"Produtos do presente Capítulo (adubos ou fertilizantes) apresentados em tabletes ou formas semelhantes, ou ainda em embalagens com peso bruto não superior a 10 kg"
"2018";"Rochas e Minerais Industriais - Diversos";"38244000";6968794;4731855;"KGL";"QUILOGRAMA LIQUIDO";13,288;"Aditivos preparados para cimentos, argamassas ou concretos"
"2018";"Rochas e Minerais Industriais - Diversos";"68159990";5656775;921356;"KGL";"QUILOGRAMA LIQUIDO";10,786;"Outras obras de pedras ou de outras matérias minerais"
"2018";"Rochas e Minerais Industriais - Diversos";"38029090";4715689;1693922;"KGL";"QUILOGRAMA LIQUIDO";8,992;"Outras matérias minerais naturais ativadas, etc."
"2018";"Rochas e Minerais Industriais - Diversos";"32071090";3791777;1693194;"KGL";"QUILOGRAMA LIQUIDO";7,23;"Outros pigmentos, opacificantes/cores, preparados e preparações"
"2018";"Rochas e Minerais Industriais - Diversos";"94069090";3275489;811868;"KGL";"QUILOGRAMA LIQUIDO";6,246;"Outras construções pré-fabricadas, exceto de madeira"
"2018";"Rochas e Minerais Industriais - Diversos";"25309090";1187966;5937173;"KGL";"QUILOGRAMA LIQUIDO";2,265;"Outras matérias minerais"
"2018";"Rochas e Minerais Industriais - Diversos";"28500090";905846;37759;"KGL";"QUILOGRAMA LIQUIDO";1,727;"Hidretos, azidas, boretos e outros nitretos e silicietos"
"2018";"Rochas e Minerais Industriais - Diversos";"85416090";350704;3509243;"UNID.";"NUMERO (UNIDADE)";0,669;"Outros cristais piezoelétricos montados"
"2018";"Rochas e Minerais Industriais - Outros";"28369919";2841396;93882;"KGL";"QUILOGRAMA LIQUIDO";92,756;"Outros carbonatos"
"2018";"Rochas e Minerais Industriais - Outros";"28421010";214664;62385;"KGL";"QUILOGRAMA LIQUIDO";7,008;"Zeólitas dos tipos utilizados como trocadores de íons para o tratamento de águas"
"2018";"Rochas e Minerais Industriais - Outros";"25293000";6984;8300;"KGL";"QUILOGRAMA LIQUIDO";0,228;"Leucita; nefelina e nefelina-sienito"
"2018";"Rochas e Minerais Industriais - Outros";"28369920";272;44;"KGL";"QUILOGRAMA LIQUIDO";0,009;"Peroxocarbonatos (percarbonatos)"
"2018";"Rochas Ornamentais";"68029390";468023086;780909,69;"TML";"TONELADA METRICA LIQUIDA";47,198;"Outros granitos trabalhados de outro modo e suas obras"
"2018";"Rochas Ornamentais";"25161200";163490334;421307;"M3";"METRO CUBICO";16,487;"Granito, simplesmente cortado a serra ou por outro meio, em blocos ou placas de forma quadrada ou retangular"
"2018";"Rochas Ornamentais";"68029990";124525663;59382,552;"TML";"TONELADA METRICA LIQUIDA";12,558;"Outras pedras de cantaria, etc, trabalhadas de outro modo e obra"
"2018";"Rochas Ornamentais";"68022900";56853788;1652320;"M2";"METRO QUADRADO";5,733;"Outras pedras de cantaria, simplesmente talhadas ou serradas, de superfície plana ou lisa"
"2018";"Rochas Ornamentais";"68029100";44308149;43789,695;"TML";"TONELADA METRICA LIQUIDA";4,468;"Mármore, travertino e alabastro, trabalhado de outro modo, e obras"
"2018";"Rochas Ornamentais";"68030000";41058332;102477,735;"TML";"TONELADA METRICA LIQUIDA";4,141;"Ardósia natural trabalhada e obras de ardósia natural ou aglomerada"
"2018";"Rochas Ornamentais";"25062000";35664796;46632,669;"TML";"TONELADA METRICA LIQUIDA";3,597;"Quartzitos, mesmo desbastados ou simplesmente cortados a serra ou por outro meio, em blocos ou placas de forma quadrada ou retangular"
"2018";"Rochas Ornamentais";"68022300";23269822;1009377;"M2";"METRO QUADRADO";2,347;"Granito, simplesmente talhados ou serrados, de superfície plana ou lisa"
"2018";"Rochas Ornamentais";"25161100";10690967;12405;"M3";"METRO CUBICO";1,078;"Granito em bruto ou desbastado"
"2018";"Rochas Ornamentais";"25151210";7309410;9101;"M3";"METRO CUBICO";0,737;"Mármores, simplesmente cortados a serra ou por outro meio, em blocos ou placas de forma quadrada ou retangular"
"2018";"Rutênio";"28439020";33411;57;"KGL";"QUILOGRAMA LIQUIDO";100;"Tricloreto de rutênio em solução aquosa com uma concentração igual ou superior a 17 %, mas inferior ou igual a 27 %, em peso"
"2018";"Sal";"25010011";16710758;751299300;"KGL";"QUILOGRAMA LIQUIDO";32,279;"Sal marinho, a granel, sem agregados"
"2018";"Sal";"36020000";9821835;4150148;"KGL";"QUILOGRAMA LIQUIDO";18,972;"Explosivos preparados, exceto pólvoras propulsivas"
"2018";"Sal";"28151200";6920849;31703186;"KGL";"QUILOGRAMA LIQUIDO";13,369;"Hidróxido de sódio (soda cáustica), em solução aquosa (lixívia de soda cáustica)"
"2018";"Sal";"28371100";4903291;2344000;"KGL";"QUILOGRAMA LIQUIDO";9,471;"Cianeto e oxicianeto de sódio"
"2018";"Sal";"28291100";3725818;8484750;"KGL";"QUILOGRAMA LIQUIDO";7,197;"Cloratos de sódio"
"2018";"Sal";"28363000";1801996;4171516;"KGL";"QUILOGRAMA LIQUIDO";3,481;"Hidrogenocarbonato (bicarbonato) de sódio"
"2018";"Sal";"28391900";1563314;3719569;"KGL";"QUILOGRAMA LIQUIDO";3,02;"Outros silicatos de sódio"
"2018";"Sal";"28417020";974880;78390;"KGL";"QUILOGRAMA LIQUIDO";1,883;"Molibdato de sódio"
"2018";"Sal";"28362010";681411;1611225;"KGL";"QUILOGRAMA LIQUIDO";1,316;"Carbonato dissódico anidro"
"2018";"Sal";"28276011";632264;31801;"KGL";"QUILOGRAMA LIQUIDO";1,221;"Iodetos de sódio"
"2018";"Selênio";"28049000";165447;4200;"KGL";"QUILOGRAMA LIQUIDO";100;"Selênio"
"2018";"Silício";"28046900";477410232;190388393;"KGL";"QUILOGRAMA LIQUIDO";44,969;"Outros silícios"
"2018";"Silício";"72022100";183375168;103679872;"KGL";"QUILOGRAMA LIQUIDO";17,273;"Ferro-silício, que contenham, em peso, mais de 55 % de silício"
"2018";"Silício";"28492000";53436551;34679518;"KGL";"QUILOGRAMA LIQUIDO";5,033;"Carbonetos de constituição química definida ou não, de silício"
"2018";"Silício";"70191290";38899778;32602728;"KGL";"QUILOGRAMA LIQUIDO";3,664;"Outras mechas de vidro, ligeiramente torcidas"
"2018";"Silício";"70091000";31194473;2051579;"KGL";"QUILOGRAMA LIQUIDO";2,938;"Espelhos retrovisores para veículos"
"2018";"Silício";"70071100";22830540;4173395;"UNID.";"NUMERO (UNIDADE)";2,15;"Vidros temperados, de segurança, de dimensões e formatos que permitam a sua aplicação em automóveis, veículos aéreos, barcos ou outros veículos"
"2018";"Silício";"70052100";16580253;6172062;"M2";"METRO QUADRADO";1,562;"Outro vidro não armado, corado na massa, opacificado, folheado (chapeado) ou simplesmente desbastado, em chapas ou folhas"
"2018";"Silício";"32072099";15563233;25002242;"KGL";"QUILOGRAMA LIQUIDO";1,466;"Outras composições vitrificáveis e preparações semelhantes"
"2018";"Silício";"70023100";15228998;7401643;"KGL";"QUILOGRAMA LIQUIDO";1,434;"Tubos de vidro, de quartzo ou de outras sílicas fundidos, não trabalhado"
"2018";"Silício";"70072100";14389962;232858;"UNID.";"NUMERO (UNIDADE)";1,355;"Vidros de segurança, formados por folhas contracoladas, de dimensões e formatos que permitam a sua aplicação em automóveis, veículos aéreos, barcos ou outros veículos"
"2018";"Talco";"25262000";5955713;11694144;"KGL";"QUILOGRAMA LIQUIDO";100;"Esteatita natural, mesmo desbastada ou simplesmente cortada a serra ou por outro meio, em blocos ou placas de forma quadrada ou retangular, triturada ou em pó e talco"
"2018";"Tântalo";"81039000";11520203;627,013;"TML";"TONELADA METRICA LIQUIDA";93,928;"Outras obras de tântalo"
"2018";"Tântalo";"81033000";642754;33,43;"TML";"TONELADA METRICA LIQUIDA";5,241;"Desperdícios e resíduos de tântalo"
"2018";"Tântalo";"85322111";94477;646212;"UNID.";"NUMERO (UNIDADE)";0,77;"Condensador fixo elétrico, de tântalo, próprios para montagem em superfície (SMD - Surface Mounted Device), com tensão de isolação inferior ou igual a 125 V"
"2018";"Tântalo";"85322190";4780;109;"UNID.";"NUMERO (UNIDADE)";0,039;"Outros condensadores fixos eletrolítico, de tântalo"
"2018";"Tântalo";"85322119";2666;23;"UNID.";"NUMERO (UNIDADE)";0,022;"Outros condensadores fixos elétricos, de tântalo, próprios para montagem em superfície (SMD - Surface Mounted Device)"
"2018";"Terras Raras";"36069000";1232226;1069,17;"TML";"TONELADA METRICA LIQUIDA";74,814;"Ferrocerio e outras ligas pirofosfóricas, artigo de material inflamável"
"2018";"Terras Raras";"25309030";4e+05;800;"TML";"TONELADA METRICA LIQUIDA";24,286;"Minerais de metais das terras raras"
"2018";"Terras Raras";"28461090";10034;0,42;"TML";"TONELADA METRICA LIQUIDA";0,609;"Outros compostos de cério"
"2018";"Terras Raras";"28461010";4800;0,44;"TML";"TONELADA METRICA LIQUIDA";0,291;"Óxido cérico"
"2018";"Titânio";"26140010";15969044;111532,587;"TML";"TONELADA METRICA LIQUIDA";41,518;"Ilmenita (minérios de titânio)"
"2018";"Titânio";"32061990";9737445;3436,42;"TML";"TONELADA METRICA LIQUIDA";25,317;"Outros pigmentos e prepars.à base de dióxido de titânio"
"2018";"Titânio";"81089000";6331946;34,187;"TML";"TONELADA METRICA LIQUIDA";16,463;"Obras de titânio"
"2018";"Titânio";"32061110";4093672;1274,375;"TML";"TONELADA METRICA LIQUIDA";10,643;"Pigmentos tipo rutilo"
"2018";"Titânio";"32061910";844718;73,374;"TML";"TONELADA METRICA LIQUIDA";2,196;"Pigmento constituído por mica revestida película dióxido titânio"
"2018";"Titânio";"32061120";441334;114,359;"TML";"TONELADA METRICA LIQUIDA";1,147;"Outros pigmentos que contenham, em peso, 80 % ou mais de dióxido de titânio, calculado sobre matéria seca"
"2018";"Titânio";"32061130";429368;41,257;"TML";"TONELADA METRICA LIQUIDA";1,116;"Preparações à base de dióxido de titânio, peso >= 80%"
"2018";"Titânio";"81083000";413059;92,684;"TML";"TONELADA METRICA LIQUIDA";1,074;"Desperdícios e resíduos do titânio"
"2018";"Titânio";"28230010";113902;28,291;"TML";"TONELADA METRICA LIQUIDA";0,296;"Óxidos de titânio, tipo anatase"
"2018";"Titânio";"28419019";76324;15;"TML";"TONELADA METRICA LIQUIDA";0,198;"Outros titanatos"
"2018";"Tungstênio";"26110000";4267181;549,242;"TML";"TONELADA METRICA LIQUIDA";38,41;"Minérios de tungstênio (volfrâmio) e seus concentrados"
"2018";"Tungstênio";"81019700";2577424;147,131;"TML";"TONELADA METRICA LIQUIDA";23,2;"Desperdícios e resíduos de tungstênio"
"2018";"Tungstênio";"72028000";2238316;84;"TML";"TONELADA METRICA LIQUIDA";20,148;"Ferro-tungstênio (ferro-volfrâmio) e ferro-silício-tungstênio (ferro-silício-volfrâmio)"
"2018";"Tungstênio";"38249972";564788;722,971;"TML";"TONELADA METRICA LIQUIDA";5,084;"Preparações à base de sílica em suspensão coloidal; nitreto de boro de estrutura cristalina cúbica, compactado com substrato de carbeto de tungstênio (volfrâmio)"
"2018";"Tungstênio";"85392110";470232;341794;"UNID.";"NUMERO (UNIDADE)";4,233;"Outras lâmpadas e tubos de incandescência, exceto de raios ultravioleta ou infravermelhos, halógenos, de tungstênio, para uma tensão inferior ou igual a 15 V"
"2018";"Tungstênio";"85392190";390915;346997;"UNID.";"NUMERO (UNIDADE)";3,519;"Outras lâmpadas/tubos incandescentes halogenos, de tungstênio"
"2018";"Tungstênio";"90184911";303145;191345;"UNID.";"NUMERO (UNIDADE)";2,729;"Brocas para odontologia, de carboneto de tungstênio (volfrâmio)"
"2018";"Tungstênio";"81019990";147259;1,258;"TML";"TONELADA METRICA LIQUIDA";1,326;"Outras obras de tungstênio"
"2018";"Tungstênio";"81019400";137774;3,357;"TML";"TONELADA METRICA LIQUIDA";1,24;"Tungstênio (volfrâmio) em formas brutas, incluindo as barras simplesmente obtidas por sinterização"
"2018";"Tungstênio";"81019600";11855;0,122;"TML";"TONELADA METRICA LIQUIDA";0,107;"Fios de tungstênio"
"2018";"Turfa";"27030000";564984;1527475;"KGL";"QUILOGRAMA LIQUIDO";100;"Turfa (incluindo a turfa para cama de animais), mesmo aglomerada"
"2018";"Vanádio";"28253010";356442013;9199,2;"TML";"TONELADA METRICA LIQUIDA";99,718;"Pentóxido de divanádio"
"2018";"Vanádio";"72029200";1007861;11,988;"TML";"TONELADA METRICA LIQUIDA";0,282;"Ferro-vanádio"
"2018";"Vanádio";"90184912";1062;228;"UNID.";"NUMERO (UNIDADE)";0;"Brocas para odontologia, de aço-vanádio"
"2018";"Vermiculita";"25301090";9720666;33319450;"KGL";"QUILOGRAMA LIQUIDO";67,467;"Vermiculita e cloritas, não expandidas"
"2018";"Vermiculita";"68069090";3950410;2810637;"KGL";"QUILOGRAMA LIQUIDO";27,418;"Outras obras de matérias minerais para isolamento do calor, som, etc."
"2018";"Vermiculita";"68061000";430609;272213;"KGL";"QUILOGRAMA LIQUIDO";2,989;"Lãs de escórias de altos-fornos, lãs de outras escórias, lã de rocha e lãs minerais semelhantes, mesmo misturadas entre si, a granel, em folhas ou em rolos"
"2018";"Vermiculita";"68062000";306380;566655;"KGL";"QUILOGRAMA LIQUIDO";2,126;"Vermiculita e argilas, expandidas, espuma de escórias e produtos minerais semelhantes, expandidos, mesmo misturados entre si"
"2018";"Zinco";"79011111";162163132;54256;"TML";"TONELADA METRICA LIQUIDA";63,152;"Zinco não ligado, que contenha, em peso, 99,99 % ou mais de zinco, eletrolítico, em lingotes"
"2018";"Zinco";"79011210";80848220;30906;"TML";"TONELADA METRICA LIQUIDA";31,485;"Zinco não ligado, que contenha, em peso, menos de 99,99 % de zinco, em lingotes"
"2018";"Zinco";"26080090";5694625;26155,998;"TML";"TONELADA METRICA LIQUIDA";2,218;"Outros minérios de zinco e seus concentrados"
"2018";"Zinco";"28170010";2389680;755,706;"TML";"TONELADA METRICA LIQUIDA";0,931;"Óxido de zinco (branco de zinco)"
"2018";"Zinco";"79070090";1798206;368,044;"TML";"TONELADA METRICA LIQUIDA";0,7;"Outras obras de zinco"
"2018";"Zinco";"28332970";1757872;1238,54;"TML";"TONELADA METRICA LIQUIDA";0,685;"Sulfatos de zinco"
"2018";"Zinco";"79040000";901686;231,257;"TML";"TONELADA METRICA LIQUIDA";0,351;"Barras, perfis e fios, de zinco"
"2018";"Zinco";"79012010";726341;212;"TML";"TONELADA METRICA LIQUIDA";0,283;"Ligas de zinco, em lingotes"
"2018";"Zinco";"28273998";159278;103,684;"TML";"TONELADA METRICA LIQUIDA";0,062;"Cloreto de zinco"
"2018";"Zinco";"26201900";92505;12503;"TML";"TONELADA METRICA LIQUIDA";0,036;"Outras cinzas e resíduos contendo zinco"
"2018";"Zircônio";"25309020";1717960;930,065;"TML";"TONELADA METRICA LIQUIDA";94,68;"Areia de zircônio micronizada, própria para a preparação de esmaltes cerâmicos"
"2018";"Zircônio";"69039092";60657;1,703;"TML";"TONELADA METRICA LIQUIDA";3,343;"Outros produtos cerâmicos refratários de compostos de zircônio"
"2018";"Zircônio";"81099000";25263;0,319;"TML";"TONELADA METRICA LIQUIDA";1,392;"Obras de zircônio"
"2018";"Zircônio";"69029020";6719;0,172;"TML";"TONELADA METRICA LIQUIDA";0,37;"Tijolos e outras peças cerâmicas refratárias não fundidos, com um teor de óxido de zircônio (ZrO2) superior a 25 %, em peso"
"2018";"Zircônio";"28369912";3888;3,6;"TML";"TONELADA METRICA LIQUIDA";0,214;"Carbonato de zircônio"
"2018";"Zircônio";"32071010";5;0,005;"TML";"TONELADA METRICA LIQUIDA";0;"Pigmento, opacificante, etc, à base de zircônio/seus sais"
