"CO_ANO";"SUBSTANCIA";"NO_FAT_AGREG";"EX_FOB.x";"QUANTIDADE_TON";"percentual_FAT_AGREG"
"2016";"Água Mineral";"PRODUTOS MANUFATURADOS";8525137;25069,295;100
"2017";"Água Mineral";"PRODUTOS MANUFATURADOS";9350826;23192,148;100
"2018";"Água Mineral";"PRODUTOS MANUFATURADOS";11266996;29288,124;100
"2016";"Amianto";"PRODUTOS BASICOS";46937788;83474,8;92,36
"2017";"Amianto";"PRODUTOS BASICOS";53824137;106819,2;95,7
"2018";"Amianto";"PRODUTOS BASICOS";44768477;101067,3;96,74
"2016";"Amianto";"PRODUTOS MANUFATURADOS";3885254;19196,052;7,64
"2017";"Amianto";"PRODUTOS MANUFATURADOS";2416880;10115,09;4,3
"2018";"Amianto";"PRODUTOS MANUFATURADOS";1506647;6647,24;3,26
"2016";"Antimônio";"PRODUTOS MANUFATURADOS";14612;1,707;100
"2017";"Antimônio";"PRODUTOS MANUFATURADOS";527;0,035;100
"2018";"Antimônio";"PRODUTOS MANUFATURADOS";67354;23,137;100
"2016";"Areia";"PRODUTOS BASICOS";146137;2562,046;100
"2017";"Areia";"PRODUTOS BASICOS";47101;996,428;100
"2018";"Areia";"PRODUTOS BASICOS";71795;1767,969;100
"2016";"Argilas Comuns";"PRODUTOS BASICOS";547445;320,686;2,32
"2017";"Argilas Comuns";"PRODUTOS BASICOS";871437;283,08;0,25
"2018";"Argilas Comuns";"PRODUTOS BASICOS";476366;195,945;0,1
"2016";"Argilas Comuns";"PRODUTOS MANUFATURADOS";23065025;82702,391;97,68
"2017";"Argilas Comuns";"PRODUTOS MANUFATURADOS";350425017;1399546,941;99,75
"2018";"Argilas Comuns";"PRODUTOS MANUFATURADOS";460569243;1542613,291;99,9
"2016";"Argilas Plásticas";"PRODUTOS BASICOS";18658;18,258;0,01
"2017";"Argilas Plásticas";"PRODUTOS BASICOS";281;1;0
"2018";"Argilas Plásticas";"PRODUTOS BASICOS";2120;4;0
"2016";"Argilas Plásticas";"PRODUTOS MANUFATURADOS";335848554;1257753,436;99,99
"2017";"Argilas Plásticas";"PRODUTOS MANUFATURADOS";61518196;43580,738;100
"2018";"Argilas Plásticas";"PRODUTOS MANUFATURADOS";63652938;30504,272;100
"2016";"Argilas Refratárias";"PRODUTOS BASICOS";109779;560,981;0,65
"2017";"Argilas Refratárias";"PRODUTOS BASICOS";135808;662,991;0,86
"2018";"Argilas Refratárias";"PRODUTOS BASICOS";376123;1275,289;2,24
"2016";"Argilas Refratárias";"PRODUTOS MANUFATURADOS";16748240;14059,459;99,35
"2017";"Argilas Refratárias";"PRODUTOS MANUFATURADOS";15637728;12820,187;99,14
"2018";"Argilas Refratárias";"PRODUTOS MANUFATURADOS";16399638;9461,878;97,76
"2016";"Bário";"PRODUTOS BASICOS";1903561;6456,685;94,16
"2017";"Bário";"PRODUTOS BASICOS";152502;195;33,5
"2018";"Bário";"PRODUTOS BASICOS";154263;320,349;70,52
"2016";"Bário";"PRODUTOS MANUFATURADOS";118043;156,548;5,84
"2017";"Bário";"PRODUTOS MANUFATURADOS";302666;168,06;66,5
"2018";"Bário";"PRODUTOS MANUFATURADOS";64503;78,939;29,48
"2016";"Bauxita";"PRODUTOS BASICOS";304745510;10482985,763;8,05
"2017";"Bauxita";"PRODUTOS BASICOS";254942845;8982389,631;6,12
"2018";"Bauxita";"PRODUTOS BASICOS";283590305;8482001,492;6,99
"2016";"Bauxita";"PRODUTOS MANUFATURADOS";2968463373;9844833,576;78,38
"2017";"Bauxita";"PRODUTOS MANUFATURADOS";3508291029;9936696,452;84,15
"2018";"Bauxita";"PRODUTOS MANUFATURADOS";3525127416;7427311,838;86,88
"2016";"Bauxita";"PRODUTOS SEMIMANUFATURADOS";513968335;332506,88;13,57
"2017";"Bauxita";"PRODUTOS SEMIMANUFATURADOS";405729749;214959,477;9,73
"2018";"Bauxita";"PRODUTOS SEMIMANUFATURADOS";248945075;116578,781;6,14
"2016";"Bentonita";"PRODUTOS BASICOS";10477078;15934,474;98,32
"2017";"Bentonita";"PRODUTOS BASICOS";9294685;15402,189;98,46
"2018";"Bentonita";"PRODUTOS BASICOS";6360815;11801,33;97,69
"2016";"Bentonita";"PRODUTOS MANUFATURADOS";178797;526,903;1,68
"2017";"Bentonita";"PRODUTOS MANUFATURADOS";145383;272,745;1,54
"2018";"Bentonita";"PRODUTOS MANUFATURADOS";150420;211,305;2,31
"2016";"Bismuto";"PRODUTOS MANUFATURADOS";83598;0,308;100
"2017";"Bismuto";"PRODUTOS MANUFATURADOS";55458;0,199;68,71
"2018";"Bismuto";"PRODUTOS MANUFATURADOS";33115;0,275;100
"2017";"Bismuto";"PRODUTOS SEMIMANUFATURADOS";25257;45;31,29
"2016";"Boro";"PRODUTOS BASICOS";41732;15,325;8,3
"2017";"Boro";"PRODUTOS BASICOS";48253;44,605;11,83
"2018";"Boro";"PRODUTOS BASICOS";56822;74,325;11,82
"2016";"Boro";"PRODUTOS MANUFATURADOS";461326;132,959;91,7
"2017";"Boro";"PRODUTOS MANUFATURADOS";359699;108,293;88,17
"2018";"Boro";"PRODUTOS MANUFATURADOS";424058;119,6;88,18
"2016";"Bromo";"PRODUTOS MANUFATURADOS";775057;1083,2;100
"2017";"Bromo";"PRODUTOS MANUFATURADOS";1400676;1685,385;100
"2018";"Bromo";"PRODUTOS MANUFATURADOS";681700;1088,497;100
"2016";"Cádmio";"PRODUTOS MANUFATURADOS";2123106;138,05;91,02
"2017";"Cádmio";"PRODUTOS MANUFATURADOS";3118343;209,375;93,78
"2018";"Cádmio";"PRODUTOS MANUFATURADOS";2647401;159,873;92,39
"2016";"Cádmio";"PRODUTOS SEMIMANUFATURADOS";209577;223,818;8,98
"2017";"Cádmio";"PRODUTOS SEMIMANUFATURADOS";206909;180,263;6,22
"2018";"Cádmio";"PRODUTOS SEMIMANUFATURADOS";217957;305,07;7,61
"2016";"Calcário";"PRODUTOS BASICOS";556211;13471,64;0,76
"2017";"Calcário";"PRODUTOS BASICOS";473446;11054,452;0,86
"2018";"Calcário";"PRODUTOS BASICOS";351282;12141,772;0,63
"2016";"Calcário";"PRODUTOS MANUFATURADOS";70439570;479751,266;96,4
"2017";"Calcário";"PRODUTOS MANUFATURADOS";52800159;217342,759;95,37
"2018";"Calcário";"PRODUTOS MANUFATURADOS";54041573;207732,709;96,88
"2016";"Calcário";"PRODUTOS SEMIMANUFATURADOS";2073919;21994,522;2,84
"2017";"Calcário";"PRODUTOS SEMIMANUFATURADOS";2091609;19714,569;3,78
"2018";"Calcário";"PRODUTOS SEMIMANUFATURADOS";1389012;13614,229;2,49
"2016";"Carvão Mineral";"PRODUTOS BASICOS";4452309;35537,159;11,24
"2017";"Carvão Mineral";"PRODUTOS BASICOS";142781;184,976;0,28
"2018";"Carvão Mineral";"PRODUTOS BASICOS";1147902;1765,142;1,45
"2016";"Carvão Mineral";"PRODUTOS MANUFATURADOS";33704971;74713,755;85,11
"2017";"Carvão Mineral";"PRODUTOS MANUFATURADOS";43511581;70846,263;85,68
"2018";"Carvão Mineral";"PRODUTOS MANUFATURADOS";68346763;94127,155;86,14
"2016";"Carvão Mineral";"PRODUTOS SEMIMANUFATURADOS";1444931;27262,304;3,65
"2017";"Carvão Mineral";"PRODUTOS SEMIMANUFATURADOS";7128748;40959,12;14,04
"2018";"Carvão Mineral";"PRODUTOS SEMIMANUFATURADOS";9849332;33236,74;12,41
"2016";"Caulim";"PRODUTOS BASICOS";180228369;1717430,49;66,79
"2017";"Caulim";"PRODUTOS BASICOS";181799672;1661987,24;69,87
"2018";"Caulim";"PRODUTOS BASICOS";170344055;1551647,424;80,46
"2016";"Caulim";"PRODUTOS MANUFATURADOS";89627214;103689,698;33,21
"2017";"Caulim";"PRODUTOS MANUFATURADOS";78385030;73615,873;30,13
"2018";"Caulim";"PRODUTOS MANUFATURADOS";41367364;43555,527;19,54
"2016";"Chumbo";"PRODUTOS BASICOS";14323417;18715,926;9,6
"2017";"Chumbo";"PRODUTOS BASICOS";17248229;15357,464;8,83
"2018";"Chumbo";"PRODUTOS BASICOS";16911907;16815,003;9,96
"2016";"Chumbo";"PRODUTOS MANUFATURADOS";113894335;41600,59;76,36
"2017";"Chumbo";"PRODUTOS MANUFATURADOS";127325875;43267,594;65,17
"2018";"Chumbo";"PRODUTOS MANUFATURADOS";117160314;41821,433;69,02
"2016";"Chumbo";"PRODUTOS SEMIMANUFATURADOS";20941673;10630,262;14,04
"2017";"Chumbo";"PRODUTOS SEMIMANUFATURADOS";50799440;22185,72;26
"2018";"Chumbo";"PRODUTOS SEMIMANUFATURADOS";35687450;14617,363;21,02
"2016";"Cobalto";"PRODUTOS BASICOS";47270;10,493;0,77
"2017";"Cobalto";"PRODUTOS BASICOS";302179;73,421;33,53
"2018";"Cobalto";"PRODUTOS BASICOS";255446;148,137;8,59
"2016";"Cobalto";"PRODUTOS MANUFATURADOS";192223;7,871;3,13
"2017";"Cobalto";"PRODUTOS MANUFATURADOS";598941;125,235;66,47
"2018";"Cobalto";"PRODUTOS MANUFATURADOS";2655318;50,567;89,32
"2016";"Cobalto";"PRODUTOS SEMIMANUFATURADOS";5903212;309,525;96,1
"2018";"Cobalto";"PRODUTOS SEMIMANUFATURADOS";61893;4,679;2,08
"2016";"Cobre";"PRODUTOS BASICOS";1980822932;1171812,029;68,54
"2017";"Cobre";"PRODUTOS BASICOS";2549065321;1266024,274;77,64
"2018";"Cobre";"PRODUTOS BASICOS";2699034396;1261385,665;75,94
"2016";"Cobre";"PRODUTOS MANUFATURADOS";420458896;85243,143;14,55
"2017";"Cobre";"PRODUTOS MANUFATURADOS";430682942;69243,781;13,12
"2018";"Cobre";"PRODUTOS MANUFATURADOS";511863152;73892,89;14,4
"2016";"Cobre";"PRODUTOS SEMIMANUFATURADOS";488748350;103302,417;16,91
"2017";"Cobre";"PRODUTOS SEMIMANUFATURADOS";303289834;49548,165;9,24
"2018";"Cobre";"PRODUTOS SEMIMANUFATURADOS";343250002;65866,051;9,66
"2016";"Coríndon";"PRODUTOS MANUFATURADOS";274569;108,098;100
"2018";"Coríndon";"PRODUTOS MANUFATURADOS";326;0,1;100
"2016";"Cromo";"PRODUTOS BASICOS";52153236;88532,06;13,31
"2017";"Cromo";"PRODUTOS BASICOS";62732351;100290,573;16,31
"2018";"Cromo";"PRODUTOS BASICOS";65234833;89089,548;20,11
"2016";"Cromo";"PRODUTOS MANUFATURADOS";296512894;148079,98;75,67
"2017";"Cromo";"PRODUTOS MANUFATURADOS";276772641;113682,095;71,94
"2018";"Cromo";"PRODUTOS MANUFATURADOS";239128782;84579,544;73,72
"2016";"Cromo";"PRODUTOS SEMIMANUFATURADOS";43193018;28175,76;11,02
"2017";"Cromo";"PRODUTOS SEMIMANUFATURADOS";45216157;23988,373;11,75
"2018";"Cromo";"PRODUTOS SEMIMANUFATURADOS";20016914;9840,631;6,17
"2016";"Diamante";"PRODUTOS BASICOS";36775635;0,503;81,59
"2017";"Diamante";"PRODUTOS BASICOS";60150558;0,054;88,73
"2018";"Diamante";"PRODUTOS BASICOS";47992119;0,045;86,44
"2016";"Diamante";"PRODUTOS MANUFATURADOS";8297131;302,83;18,41
"2017";"Diamante";"PRODUTOS MANUFATURADOS";7639387;236,797;11,27
"2018";"Diamante";"PRODUTOS MANUFATURADOS";7529654;164,241;13,56
"2016";"Diatomita";"PRODUTOS BASICOS";168465;125,328;22,35
"2017";"Diatomita";"PRODUTOS BASICOS";303409;174,708;41,85
"2018";"Diatomita";"PRODUTOS BASICOS";337595;219,62;46,79
"2016";"Diatomita";"PRODUTOS MANUFATURADOS";585217;561,579;77,65
"2017";"Diatomita";"PRODUTOS MANUFATURADOS";421668;542,078;58,15
"2018";"Diatomita";"PRODUTOS MANUFATURADOS";383868;575,161;53,21
"2016";"Dolomita";"PRODUTOS BASICOS";4061958;213780,467;100
"2017";"Dolomita";"PRODUTOS BASICOS";5298516;253594,611;100
"2018";"Dolomita";"PRODUTOS BASICOS";13924694;249675,304;100
"2016";"Enxofre";"PRODUTOS BASICOS";2124459;5427,727;26,72
"2017";"Enxofre";"PRODUTOS BASICOS";2209897;5637,976;15,61
"2018";"Enxofre";"PRODUTOS BASICOS";3200383;7269,856;15,45
"2016";"Enxofre";"PRODUTOS MANUFATURADOS";5825451;3425,504;73,28
"2017";"Enxofre";"PRODUTOS MANUFATURADOS";11947743;4538,069;84,39
"2018";"Enxofre";"PRODUTOS MANUFATURADOS";17511221;5069,998;84,55
"2016";"Estanho";"PRODUTOS BASICOS";34343726;3293,631;20,14
"2017";"Estanho";"PRODUTOS BASICOS";41817478;4750,525;18,94
"2018";"Estanho";"PRODUTOS BASICOS";24083686;2873,571;11,02
"2016";"Estanho";"PRODUTOS MANUFATURADOS";4821919;313,63;2,83
"2017";"Estanho";"PRODUTOS MANUFATURADOS";5343835;396,573;2,42
"2018";"Estanho";"PRODUTOS MANUFATURADOS";6250824;403,698;2,86
"2016";"Estanho";"PRODUTOS SEMIMANUFATURADOS";131393332;7215,585;77,04
"2017";"Estanho";"PRODUTOS SEMIMANUFATURADOS";173638130;8459,797;78,64
"2018";"Estanho";"PRODUTOS SEMIMANUFATURADOS";188280633;9141,244;86,12
"2016";"Estrôncio";"PRODUTOS MANUFATURADOS";70323;141;100
"2017";"Estrôncio";"PRODUTOS MANUFATURADOS";82354;9,466;100
"2018";"Estrôncio";"PRODUTOS MANUFATURADOS";126034;156;100
"2016";"Feldspato";"PRODUTOS BASICOS";875489;2486,693;100
"2017";"Feldspato";"PRODUTOS BASICOS";712924;1488,201;100
"2018";"Feldspato";"PRODUTOS BASICOS";1547499;2511,775;100
"2016";"Ferro";"PRODUTOS BASICOS";13394586771;374539781,851;66,52
"2017";"Ferro";"PRODUTOS BASICOS";19341719759;384685250,051;67,13
"2018";"Ferro";"PRODUTOS BASICOS";20342280218;391303019,398;66,56
"2016";"Ferro";"PRODUTOS MANUFATURADOS";3480874487;5149013,96;17,29
"2017";"Ferro";"PRODUTOS MANUFATURADOS";4478736763;5777018,323;15,54
"2018";"Ferro";"PRODUTOS MANUFATURADOS";4370791101;4901956,378;14,3
"2016";"Ferro";"PRODUTOS SEMIMANUFATURADOS";3261045834;10661002,202;16,19
"2017";"Ferro";"PRODUTOS SEMIMANUFATURADOS";4991318728;12079420,222;17,32
"2018";"Ferro";"PRODUTOS SEMIMANUFATURADOS";5847647161;11131540,44;19,13
"2016";"Fluorita";"PRODUTOS BASICOS";118201;194;11,36
"2017";"Fluorita";"PRODUTOS BASICOS";104578;163,5;10,35
"2018";"Fluorita";"PRODUTOS BASICOS";50175;74,1;4,09
"2016";"Fluorita";"PRODUTOS MANUFATURADOS";922579;1129,059;88,64
"2017";"Fluorita";"PRODUTOS MANUFATURADOS";906087;382,747;89,65
"2018";"Fluorita";"PRODUTOS MANUFATURADOS";1175338;530,779;95,91
"2016";"Fosfato";"PRODUTOS BASICOS";440;2,5;0
"2017";"Fosfato";"PRODUTOS BASICOS";4172;20,001;0
"2018";"Fosfato";"PRODUTOS BASICOS";48909;315,121;0,03
"2016";"Fosfato";"PRODUTOS MANUFATURADOS";166425830;415869,898;98,99
"2017";"Fosfato";"PRODUTOS MANUFATURADOS";162001738;385352,083;98,69
"2018";"Fosfato";"PRODUTOS MANUFATURADOS";168149598;369522,637;98,86
"2016";"Fosfato";"PRODUTOS SEMIMANUFATURADOS";1701864;5225,515;1,01
"2017";"Fosfato";"PRODUTOS SEMIMANUFATURADOS";2143182;6054,005;1,31
"2018";"Fosfato";"PRODUTOS SEMIMANUFATURADOS";1893570;4404,682;1,11
"2016";"Gemas";"PRODUTOS BASICOS";35032983;11539,599;20,52
"2017";"Gemas";"PRODUTOS BASICOS";34777014;11577,215;20,92
"2018";"Gemas";"PRODUTOS BASICOS";47645318;9978,029;28,65
"2016";"Gemas";"PRODUTOS MANUFATURADOS";131380827;7979,251;76,95
"2017";"Gemas";"PRODUTOS MANUFATURADOS";127797469;9359,547;76,86
"2018";"Gemas";"PRODUTOS MANUFATURADOS";116301854;8844,869;69,95
"2016";"Gemas";"TRANSACOES ESPECIAIS";4320267;3,292;2,53
"2017";"Gemas";"TRANSACOES ESPECIAIS";3692335;9,606;2,22
"2018";"Gemas";"TRANSACOES ESPECIAIS";2328975;0,746;1,4
"2016";"Gipsita";"PRODUTOS BASICOS";7749;0,325;0,24
"2017";"Gipsita";"PRODUTOS BASICOS";9683;80,861;0,27
"2018";"Gipsita";"PRODUTOS BASICOS";9988;1,305;0,26
"2016";"Gipsita";"PRODUTOS MANUFATURADOS";3229833;30247,434;99,76
"2017";"Gipsita";"PRODUTOS MANUFATURADOS";3631487;35077,531;99,73
"2018";"Gipsita";"PRODUTOS MANUFATURADOS";3833591;34586,953;99,74
"2016";"Grafita";"PRODUTOS BASICOS";28270022;24872,575;75,99
"2017";"Grafita";"PRODUTOS BASICOS";29590823;23468,345;74,14
"2018";"Grafita";"PRODUTOS BASICOS";32903250;24038,167;68,42
"2016";"Grafita";"PRODUTOS MANUFATURADOS";8933060;6768,138;24,01
"2017";"Grafita";"PRODUTOS MANUFATURADOS";10321276;7300,937;25,86
"2018";"Grafita";"PRODUTOS MANUFATURADOS";15187784;10098,881;31,58
"2016";"Iodo";"PRODUTOS MANUFATURADOS";5740635;255,035;100
"2017";"Iodo";"PRODUTOS MANUFATURADOS";4801740;234,083;100
"2018";"Iodo";"PRODUTOS MANUFATURADOS";5552646;226,866;100
"2018";"Irídio";"PRODUTOS MANUFATURADOS";228750;0,024;100
"2017";"Lítio";"PRODUTOS BASICOS";819;1;0,07
"2018";"Lítio";"PRODUTOS BASICOS";1733154;3060,464;55,74
"2016";"Lítio";"PRODUTOS MANUFATURADOS";4196227;45,85;100
"2017";"Lítio";"PRODUTOS MANUFATURADOS";1154971;11,831;99,93
"2018";"Lítio";"PRODUTOS MANUFATURADOS";1376323;30,392;44,26
"2016";"Magnésio";"PRODUTOS BASICOS";72463166;214430,189;86,5
"2017";"Magnésio";"PRODUTOS BASICOS";110964885;293759,322;89,1
"2018";"Magnésio";"PRODUTOS BASICOS";135118638;263970,178;93,99
"2016";"Magnésio";"PRODUTOS MANUFATURADOS";8435150;15932,609;10,07
"2017";"Magnésio";"PRODUTOS MANUFATURADOS";12779746;24549,265;10,26
"2018";"Magnésio";"PRODUTOS MANUFATURADOS";7992716;12752,502;5,56
"2016";"Magnésio";"PRODUTOS SEMIMANUFATURADOS";2875232;762;3,43
"2017";"Magnésio";"PRODUTOS SEMIMANUFATURADOS";801120;174,707;0,64
"2018";"Magnésio";"PRODUTOS SEMIMANUFATURADOS";649000;160;0,45
"2016";"Manganês";"PRODUTOS BASICOS";201815070;2010141,319;69,28
"2017";"Manganês";"PRODUTOS BASICOS";365636402;2683295,234;75,81
"2018";"Manganês";"PRODUTOS BASICOS";406787507;2614999,645;81,49
"2016";"Manganês";"PRODUTOS MANUFATURADOS";45486563;24379,101;15,61
"2017";"Manganês";"PRODUTOS MANUFATURADOS";31911617;21522,067;6,62
"2018";"Manganês";"PRODUTOS MANUFATURADOS";28462112;17902,391;5,7
"2016";"Manganês";"PRODUTOS SEMIMANUFATURADOS";44015649;65075,306;15,11
"2017";"Manganês";"PRODUTOS SEMIMANUFATURADOS";84777182;76841,737;17,58
"2018";"Manganês";"PRODUTOS SEMIMANUFATURADOS";63944375;56440,246;12,81
"2016";"Materiais Radioativos";"PRODUTOS MANUFATURADOS";5051006;23,523;100
"2017";"Materiais Radioativos";"PRODUTOS MANUFATURADOS";1107390;15,002;100
"2018";"Materiais Radioativos";"PRODUTOS MANUFATURADOS";4084275;26,411;100
"2016";"Mercúrio";"PRODUTOS MANUFATURADOS";14439;253,023;100
"2017";"Mercúrio";"PRODUTOS MANUFATURADOS";231;0,003;100
"2018";"Mercúrio";"PRODUTOS MANUFATURADOS";501;0,002;100
"2016";"Metais Preciosos - Diversos";"PRODUTOS BASICOS";159362512;8127,483;56,57
"2017";"Metais Preciosos - Diversos";"PRODUTOS BASICOS";172341011;7293,989;60,73
"2018";"Metais Preciosos - Diversos";"PRODUTOS BASICOS";190191392;8256,887;50,07
"2016";"Metais Preciosos - Diversos";"PRODUTOS MANUFATURADOS";120981423;477,734;42,95
"2017";"Metais Preciosos - Diversos";"PRODUTOS MANUFATURADOS";110160267;903,272;38,82
"2018";"Metais Preciosos - Diversos";"PRODUTOS MANUFATURADOS";188643671;1419,064;49,66
"2016";"Metais Preciosos - Diversos";"PRODUTOS SEMIMANUFATURADOS";10584;0,028;0
"2017";"Metais Preciosos - Diversos";"PRODUTOS SEMIMANUFATURADOS";143166;0,469;0,05
"2018";"Metais Preciosos - Diversos";"PRODUTOS SEMIMANUFATURADOS";53913;0,21;0,01
"2016";"Metais Preciosos - Diversos";"TRANSACOES ESPECIAIS";1351466;4,164;0,48
"2017";"Metais Preciosos - Diversos";"TRANSACOES ESPECIAIS";1125480;3,811;0,4
"2018";"Metais Preciosos - Diversos";"TRANSACOES ESPECIAIS";956981;3,044;0,25
"2016";"Mica";"PRODUTOS BASICOS";2499175;4241,227;30,39
"2017";"Mica";"PRODUTOS BASICOS";2458806;3546,021;28,35
"2018";"Mica";"PRODUTOS BASICOS";2683527;3887,794;34,82
"2016";"Mica";"PRODUTOS MANUFATURADOS";5724225;699,741;69,61
"2017";"Mica";"PRODUTOS MANUFATURADOS";6212992;800,754;71,65
"2018";"Mica";"PRODUTOS MANUFATURADOS";5023558;684,818;65,18
"2016";"Minerais Abrasivos - Diversos";"PRODUTOS BASICOS";827912;23,499;1,43
"2017";"Minerais Abrasivos - Diversos";"PRODUTOS BASICOS";742091;49,886;1,19
"2018";"Minerais Abrasivos - Diversos";"PRODUTOS BASICOS";1395378;47,462;2,19
"2016";"Minerais Abrasivos - Diversos";"PRODUTOS MANUFATURADOS";57248472;9035,707;98,57
"2017";"Minerais Abrasivos - Diversos";"PRODUTOS MANUFATURADOS";61768825;9603,138;98,81
"2018";"Minerais Abrasivos - Diversos";"PRODUTOS MANUFATURADOS";62408095;10280,043;97,81
"2016";"Minerais Abrasivos - Outros";"PRODUTOS BASICOS";3453;0,245;100
"2017";"Minerais Abrasivos - Outros";"PRODUTOS BASICOS";3949;0,496;100
"2018";"Minerais Abrasivos - Outros";"PRODUTOS BASICOS";4645;0,368;100
"2016";"Minerais Metálicos - Diversos";"PRODUTOS BASICOS";37629698;998,394;2,58
"2017";"Minerais Metálicos - Diversos";"PRODUTOS BASICOS";15810584;719,787;0,93
"2018";"Minerais Metálicos - Diversos";"PRODUTOS BASICOS";35575444;1137,73;2,21
"2016";"Minerais Metálicos - Diversos";"PRODUTOS MANUFATURADOS";1422690776;148611,249;97,42
"2017";"Minerais Metálicos - Diversos";"PRODUTOS MANUFATURADOS";1680556065;151132,134;99,07
"2018";"Minerais Metálicos - Diversos";"PRODUTOS MANUFATURADOS";1572513149;161423,489;97,79
"2018";"Minerais Metálicos - Diversos";"PRODUTOS SEMIMANUFATURADOS";20865;0,535;0
"2016";"Minerais Metálicos - Outros";"PRODUTOS BASICOS";467643;646,75;93,39
"2017";"Minerais Metálicos - Outros";"PRODUTOS BASICOS";430773;601,613;100
"2018";"Minerais Metálicos - Outros";"PRODUTOS BASICOS";249566;876,913;94,29
"2016";"Minerais Metálicos - Outros";"PRODUTOS MANUFATURADOS";33087;28,514;6,61
"2018";"Minerais Metálicos - Outros";"PRODUTOS MANUFATURADOS";15103;10,08;5,71
"2016";"Minerais Refratários - Diversos";"PRODUTOS MANUFATURADOS";100378069;74705,367;100
"2017";"Minerais Refratários - Diversos";"PRODUTOS MANUFATURADOS";100950829;70767,456;100
"2018";"Minerais Refratários - Diversos";"PRODUTOS MANUFATURADOS";105406202;65515,458;100
"2016";"Minerais Refratários - Outros";"PRODUTOS BASICOS";58648;68,067;100
"2017";"Minerais Refratários - Outros";"PRODUTOS BASICOS";78946;58,089;100
"2018";"Minerais Refratários - Outros";"PRODUTOS BASICOS";23638;30,23;97,58
"2018";"Minerais Refratários - Outros";"PRODUTOS MANUFATURADOS";586;0,26;2,42
"2016";"Molibdênio";"PRODUTOS BASICOS";5253841;996,562;93,71
"2017";"Molibdênio";"PRODUTOS BASICOS";2662964;726,97;91,57
"2018";"Molibdênio";"PRODUTOS BASICOS";3826004;769,512;84,1
"2016";"Molibdênio";"PRODUTOS MANUFATURADOS";55668;1,522;0,99
"2017";"Molibdênio";"PRODUTOS MANUFATURADOS";21652;0,105;0,74
"2018";"Molibdênio";"PRODUTOS MANUFATURADOS";17155;0,381;0,38
"2016";"Molibdênio";"PRODUTOS SEMIMANUFATURADOS";296704;32,351;5,29
"2017";"Molibdênio";"PRODUTOS SEMIMANUFATURADOS";223492;17,559;7,69
"2018";"Molibdênio";"PRODUTOS SEMIMANUFATURADOS";705925;40,733;15,52
"2016";"Nióbio";"PRODUTOS SEMIMANUFATURADOS";1331514780;64657,552;100
"2017";"Nióbio";"PRODUTOS SEMIMANUFATURADOS";1608188082;80716,764;100
"2018";"Nióbio";"PRODUTOS SEMIMANUFATURADOS";2011633328;95528,441;100
"2016";"Níquel";"PRODUTOS BASICOS";30250041;39964,881;4,86
"2017";"Níquel";"PRODUTOS BASICOS";3936876;912,06;0,66
"2018";"Níquel";"PRODUTOS BASICOS";2250408;739,347;0,32
"2016";"Níquel";"PRODUTOS MANUFATURADOS";46019524;2754,351;7,39
"2017";"Níquel";"PRODUTOS MANUFATURADOS";53886118;3017,263;9,04
"2018";"Níquel";"PRODUTOS MANUFATURADOS";51504017;2107,361;7,42
"2016";"Níquel";"PRODUTOS SEMIMANUFATURADOS";546333390;208531,515;87,75
"2017";"Níquel";"PRODUTOS SEMIMANUFATURADOS";538486261;209887,918;90,3
"2018";"Níquel";"PRODUTOS SEMIMANUFATURADOS";640383983;197357,797;92,26
"2016";"Ouro";"PRODUTOS BASICOS";23179;0,73;0
"2017";"Ouro";"PRODUTOS BASICOS";828333;0,083;0,03
"2018";"Ouro";"PRODUTOS BASICOS";384079;19,097;0,01
"2016";"Ouro";"PRODUTOS MANUFATURADOS";550;0,01;0
"2017";"Ouro";"PRODUTOS MANUFATURADOS";68466;0,015;0
"2018";"Ouro";"PRODUTOS MANUFATURADOS";115879;0,004;0
"2016";"Ouro";"PRODUTOS SEMIMANUFATURADOS";2893031646;78,29;98,78
"2017";"Ouro";"PRODUTOS SEMIMANUFATURADOS";2800415727;75,385;99,09
"2018";"Ouro";"PRODUTOS SEMIMANUFATURADOS";2812731419;75,813;99,25
"2016";"Ouro";"TRANSACOES ESPECIAIS";35774149;0,331;1,22
"2017";"Ouro";"TRANSACOES ESPECIAIS";24732642;0,191;0,88
"2018";"Ouro";"TRANSACOES ESPECIAIS";20693766;0,045;0,73
"2016";"Paládio";"PRODUTOS SEMIMANUFATURADOS";5548381;7,477;100
"2017";"Paládio";"PRODUTOS SEMIMANUFATURADOS";2008733;6,912;100
"2018";"Paládio";"PRODUTOS SEMIMANUFATURADOS";1767654;0,057;100
"2016";"Perlita";"PRODUTOS BASICOS";4825;22,5;100
"2017";"Perlita";"PRODUTOS BASICOS";5608;25,05;100
"2016";"Platina";"PRODUTOS BASICOS";1285248;136,161;6,84
"2017";"Platina";"PRODUTOS BASICOS";685683;7,561;3,63
"2018";"Platina";"PRODUTOS BASICOS";948216;23,598;2,08
"2016";"Platina";"PRODUTOS MANUFATURADOS";16412053;0,534;87,33
"2017";"Platina";"PRODUTOS MANUFATURADOS";17778080;0,572;94,07
"2018";"Platina";"PRODUTOS MANUFATURADOS";44028159;1,343;96,65
"2016";"Platina";"PRODUTOS SEMIMANUFATURADOS";1095932;0,036;5,83
"2017";"Platina";"PRODUTOS SEMIMANUFATURADOS";434887;0,057;2,3
"2018";"Platina";"PRODUTOS SEMIMANUFATURADOS";579941;10,212;1,27
"2018";"Platina (Grupo) - Diversos";"PRODUTOS SEMIMANUFATURADOS";234298;1,508;100
"2016";"Potássio";"PRODUTOS MANUFATURADOS";36881719;23255,792;83,4
"2017";"Potássio";"PRODUTOS MANUFATURADOS";31378233;28149,794;84,46
"2018";"Potássio";"PRODUTOS MANUFATURADOS";28076238;22285,756;86,13
"2016";"Potássio";"PRODUTOS SEMIMANUFATURADOS";7342800;20240,431;16,6
"2017";"Potássio";"PRODUTOS SEMIMANUFATURADOS";5773679;13064,386;15,54
"2018";"Potássio";"PRODUTOS SEMIMANUFATURADOS";4522349;7892,356;13,87
"2016";"Prata";"PRODUTOS BASICOS";617258;832,734;1,01
"2017";"Prata";"PRODUTOS BASICOS";2120796;936,003;3,45
"2018";"Prata";"PRODUTOS BASICOS";3017506;1070,286;7,42
"2016";"Prata";"PRODUTOS MANUFATURADOS";37255476;109,102;61,05
"2017";"Prata";"PRODUTOS MANUFATURADOS";37514018;111,071;61
"2018";"Prata";"PRODUTOS MANUFATURADOS";35530333;107,897;87,32
"2016";"Prata";"PRODUTOS SEMIMANUFATURADOS";23152211;53,957;37,94
"2017";"Prata";"PRODUTOS SEMIMANUFATURADOS";21866146;46,856;35,55
"2018";"Prata";"PRODUTOS SEMIMANUFATURADOS";2139961;8,601;5,26
"2016";"Quartzo (Cristal)";"PRODUTOS BASICOS";4573797;13829,938;37,87
"2017";"Quartzo (Cristal)";"PRODUTOS BASICOS";6013356;17318,524;60,53
"2018";"Quartzo (Cristal)";"PRODUTOS BASICOS";6644096;20061,296;56,67
"2016";"Quartzo (Cristal)";"PRODUTOS MANUFATURADOS";7504223;231,831;62,13
"2017";"Quartzo (Cristal)";"PRODUTOS MANUFATURADOS";3920557;99,65;39,47
"2018";"Quartzo (Cristal)";"PRODUTOS MANUFATURADOS";5079250;120,201;43,33
"2016";"Rochas Betuminosas";"PRODUTOS BASICOS";181816;185,992;1,53
"2017";"Rochas Betuminosas";"PRODUTOS BASICOS";85333;138,274;0,69
"2018";"Rochas Betuminosas";"PRODUTOS BASICOS";50858;109,158;0,43
"2016";"Rochas Betuminosas";"PRODUTOS MANUFATURADOS";11733777;17813,727;98,47
"2017";"Rochas Betuminosas";"PRODUTOS MANUFATURADOS";12245083;16769,22;99,31
"2018";"Rochas Betuminosas";"PRODUTOS MANUFATURADOS";11887770;16513,722;99,57
"2016";"Rochas Britadas e Cascalho";"PRODUTOS BASICOS";1831621;76718,211;100
"2017";"Rochas Britadas e Cascalho";"PRODUTOS BASICOS";1343297;60379,879;100
"2018";"Rochas Britadas e Cascalho";"PRODUTOS BASICOS";1557309;101384,348;100
"2016";"Rochas e Minerais Industriais - Diversos";"PRODUTOS BASICOS";915197;5009,591;2,13
"2017";"Rochas e Minerais Industriais - Diversos";"PRODUTOS BASICOS";1187870;5727,109;2,15
"2018";"Rochas e Minerais Industriais - Diversos";"PRODUTOS BASICOS";1216538;6200,464;2,32
"2016";"Rochas e Minerais Industriais - Diversos";"PRODUTOS MANUFATURADOS";41999448;15384,936;97,87
"2017";"Rochas e Minerais Industriais - Diversos";"PRODUTOS MANUFATURADOS";53988920;18481,911;97,85
"2018";"Rochas e Minerais Industriais - Diversos";"PRODUTOS MANUFATURADOS";51226713;17023,43;97,68
"2016";"Rochas e Minerais Industriais - Outros";"PRODUTOS BASICOS";260550;1106,646;18,63
"2017";"Rochas e Minerais Industriais - Outros";"PRODUTOS BASICOS";91765;408,86;2,75
"2018";"Rochas e Minerais Industriais - Outros";"PRODUTOS BASICOS";6984;8,3;0,23
"2016";"Rochas e Minerais Industriais - Outros";"PRODUTOS MANUFATURADOS";1138004;135,557;81,37
"2017";"Rochas e Minerais Industriais - Outros";"PRODUTOS MANUFATURADOS";3246408;173,506;97,25
"2018";"Rochas e Minerais Industriais - Outros";"PRODUTOS MANUFATURADOS";3056332;156,311;99,77
"2016";"Rochas Ornamentais";"PRODUTOS BASICOS";226828310;1085866,069;19,93
"2017";"Rochas Ornamentais";"PRODUTOS BASICOS";218104910;1051553,72;19,69
"2018";"Rochas Ornamentais";"PRODUTOS BASICOS";224270306;1069152,319;22,62
"2016";"Rochas Ornamentais";"PRODUTOS MANUFATURADOS";901853253;1337281,779;79,23
"2017";"Rochas Ornamentais";"PRODUTOS MANUFATURADOS";881808779;1280687,096;79,63
"2018";"Rochas Ornamentais";"PRODUTOS MANUFATURADOS";761271123;1103332,392;76,77
"2016";"Rochas Ornamentais";"PRODUTOS SEMIMANUFATURADOS";9656818;35712,501;0,85
"2017";"Rochas Ornamentais";"PRODUTOS SEMIMANUFATURADOS";7534864;26607,462;0,68
"2018";"Rochas Ornamentais";"PRODUTOS SEMIMANUFATURADOS";6079144;21712,338;0,61
"2017";"Ródio";"PRODUTOS SEMIMANUFATURADOS";3804;0,089;100
"2018";"Rutênio";"PRODUTOS MANUFATURADOS";33411;0,057;100
"2016";"Sal";"PRODUTOS BASICOS";26719353;1133583,601;47,1
"2017";"Sal";"PRODUTOS BASICOS";21915634;963923,255;31,77
"2018";"Sal";"PRODUTOS BASICOS";17769942;755461,252;34,33
"2016";"Sal";"PRODUTOS MANUFATURADOS";30006056;46933,096;52,9
"2017";"Sal";"PRODUTOS MANUFATURADOS";47060793;109605,31;68,23
"2018";"Sal";"PRODUTOS MANUFATURADOS";33999304;60084,81;65,67
"2016";"Selênio";"PRODUTOS MANUFATURADOS";102190;5,75;100
"2017";"Selênio";"PRODUTOS MANUFATURADOS";146615;6,213;100
"2018";"Selênio";"PRODUTOS MANUFATURADOS";165447;4,2;100
"2016";"Silício";"PRODUTOS BASICOS";2264570;21556,497;0,25
"2017";"Silício";"PRODUTOS BASICOS";2119741;32829,52;0,25
"2018";"Silício";"PRODUTOS BASICOS";4508622;70623,071;0,42
"2016";"Silício";"PRODUTOS MANUFATURADOS";749088445;553248,593;83,58
"2017";"Silício";"PRODUTOS MANUFATURADOS";716303836;535934,581;83,04
"2018";"Silício";"PRODUTOS MANUFATURADOS";868569182;501516,958;81,81
"2016";"Silício";"PRODUTOS SEMIMANUFATURADOS";144916474;112758,324;16,17
"2017";"Silício";"PRODUTOS SEMIMANUFATURADOS";144163515;92511,841;16,71
"2018";"Silício";"PRODUTOS SEMIMANUFATURADOS";188563407;110317,753;17,76
"2016";"Talco";"PRODUTOS BASICOS";6046879;12570,116;100
"2017";"Talco";"PRODUTOS BASICOS";6612020;14770,531;100
"2018";"Talco";"PRODUTOS BASICOS";5955713;11696,265;100
"2016";"Tântalo";"PRODUTOS BASICOS";68833;16,667;0,38
"2018";"Tântalo";"PRODUTOS BASICOS";642754;33,43;5,24
"2016";"Tântalo";"PRODUTOS MANUFATURADOS";18000360;1143,051;99,62
"2017";"Tântalo";"PRODUTOS MANUFATURADOS";28421930;1817,263;100
"2018";"Tântalo";"PRODUTOS MANUFATURADOS";11622126;629,059;94,76
"2016";"Terras Raras";"PRODUTOS BASICOS";1918500;4525;70,74
"2017";"Terras Raras";"PRODUTOS BASICOS";858000;1900;48,29
"2018";"Terras Raras";"PRODUTOS BASICOS";4e+05;800;24,29
"2016";"Terras Raras";"PRODUTOS MANUFATURADOS";793473;150,64;29,26
"2017";"Terras Raras";"PRODUTOS MANUFATURADOS";918936;94,128;51,71
"2018";"Terras Raras";"PRODUTOS MANUFATURADOS";1247060;115,318;75,71
"2016";"Titânio";"PRODUTOS BASICOS";3792699;26118,217;15,72
"2017";"Titânio";"PRODUTOS BASICOS";8800335;68396,227;28,69
"2018";"Titânio";"PRODUTOS BASICOS";16391933;111631,272;42,62
"2016";"Titânio";"PRODUTOS MANUFATURADOS";20297990;6985,051;84,12
"2017";"Titânio";"PRODUTOS MANUFATURADOS";21861855;5915,99;71,27
"2018";"Titânio";"PRODUTOS MANUFATURADOS";22070747;5006,226;57,38
"2016";"Titânio";"PRODUTOS SEMIMANUFATURADOS";37769;8,72;0,16
"2017";"Titânio";"PRODUTOS SEMIMANUFATURADOS";11061;1,039;0,04
"2016";"Tungstênio";"PRODUTOS BASICOS";3978534;377,594;54,99
"2017";"Tungstênio";"PRODUTOS BASICOS";5989919;501,585;54,65
"2018";"Tungstênio";"PRODUTOS BASICOS";6844605;696,481;61,61
"2016";"Tungstênio";"PRODUTOS MANUFATURADOS";807681;12,976;11,16
"2017";"Tungstênio";"PRODUTOS MANUFATURADOS";1278619;511,066;11,67
"2018";"Tungstênio";"PRODUTOS MANUFATURADOS";1888765;749,688;17
"2016";"Tungstênio";"PRODUTOS SEMIMANUFATURADOS";2449314;151,67;33,85
"2017";"Tungstênio";"PRODUTOS SEMIMANUFATURADOS";3691193;199,539;33,68
"2018";"Tungstênio";"PRODUTOS SEMIMANUFATURADOS";2376090;87,408;21,39
"2016";"Turfa";"PRODUTOS BASICOS";549812;1086,817;100
"2017";"Turfa";"PRODUTOS BASICOS";664920;2010,748;100
"2018";"Turfa";"PRODUTOS BASICOS";564984;1527,475;100
"2016";"Vanádio";"PRODUTOS MANUFATURADOS";55189193;7960,001;100
"2017";"Vanádio";"PRODUTOS MANUFATURADOS";135086753;9220,005;99,92
"2018";"Vanádio";"PRODUTOS MANUFATURADOS";356443075;9181,212;99,72
"2017";"Vanádio";"PRODUTOS SEMIMANUFATURADOS";107548;5;0,08
"2018";"Vanádio";"PRODUTOS SEMIMANUFATURADOS";1007861;11,988;0,28
"2016";"Vermiculita";"PRODUTOS BASICOS";8821059;32062;56,6
"2017";"Vermiculita";"PRODUTOS BASICOS";8879681;32027,15;62,81
"2018";"Vermiculita";"PRODUTOS BASICOS";9720666;33319,65;67,47
"2016";"Vermiculita";"PRODUTOS MANUFATURADOS";6763188;3991,045;43,4
"2017";"Vermiculita";"PRODUTOS MANUFATURADOS";5257240;3578,646;37,19
"2018";"Vermiculita";"PRODUTOS MANUFATURADOS";4687399;3660,734;32,53
"2016";"Zinco";"PRODUTOS BASICOS";79980;113,049;0,05
"2017";"Zinco";"PRODUTOS BASICOS";251236;914,807;0,11
"2018";"Zinco";"PRODUTOS BASICOS";5835360;38683,565;2,27
"2016";"Zinco";"PRODUTOS MANUFATURADOS";4216891;1572,111;2,63
"2017";"Zinco";"PRODUTOS MANUFATURADOS";6227230;2129,335;2,75
"2018";"Zinco";"PRODUTOS MANUFATURADOS";7160467;2612,131;2,79
"2016";"Zinco";"PRODUTOS SEMIMANUFATURADOS";156338215;77249,254;97,33
"2017";"Zinco";"PRODUTOS SEMIMANUFATURADOS";219669035;77591,585;97,14
"2018";"Zinco";"PRODUTOS SEMIMANUFATURADOS";243787405;81170,481;94,94
"2016";"Zircônio";"PRODUTOS BASICOS";1919055;1455,22;71,6
"2017";"Zircônio";"PRODUTOS BASICOS";1967988;1743,72;88,88
"2018";"Zircônio";"PRODUTOS BASICOS";1717960;930,072;94,68
"2016";"Zircônio";"PRODUTOS MANUFATURADOS";761284;35,77;28,4
"2017";"Zircônio";"PRODUTOS MANUFATURADOS";246130;32,949;11,12
"2018";"Zircônio";"PRODUTOS MANUFATURADOS";96532;7,473;5,32
