"CO_ANO";"SUBSTANCIA";"CO_NCM";"IMP_FOB.x";"QUANTIDADE";"SG_UNID";"NO_UNID";"percentual_Produto_NCM";"NO_NCM_Subitem_POR"
"2018";"Água Mineral";"22011000";1515279;2958384;"LITRO";"LITRO";70,524;"Águas minerais e águas gaseificadas, não adicionadas de açúcar ou de outros edulcorantes nem aromatizadas"
"2018";"Água Mineral";"22021000";633331;376620;"LITRO";"LITRO";29,476;"Águas, incluindo as águas minerais e as águas gaseificadas, adicionadas de açúcar ou de outros edulcorantes ou aromatizadas"
"2018";"Amianto";"68138990";1665037;93379;"KGL";"QUILOGRAMA LIQUIDO";60,382;"Outras guarnições não montadas, para embreagens, etc, de amianto"
"2018";"Amianto";"68129910";732089;18014;"KGL";"QUILOGRAMA LIQUIDO";26,549;"Juntas e outros elementos com função semelhante de vedação, de amianto"
"2018";"Amianto";"68129990";349511;10504;"KGL";"QUILOGRAMA LIQUIDO";12,675;"Outras obras de amianto trabalhado com fibras com mistura à base de amianto com carbonato de magnésio"
"2018";"Amianto";"68129300";5232;972;"KGL";"QUILOGRAMA LIQUIDO";0,19;"Folhas de amianto e elastômeros, comprimidos, para juntas, mesmo apresentadas em rolos"
"2018";"Amianto";"68129200";1362;6;"KGL";"QUILOGRAMA LIQUIDO";0,049;"Papéis, cartões, feltros, de amianto/das misturas"
"2018";"Amianto";"68128000";1235;8;"KGL";"QUILOGRAMA LIQUIDO";0,045;"Obras de crocidolita (amianto) ou em fibras"
"2018";"Amianto";"68129100";1209;47;"KGL";"QUILOGRAMA LIQUIDO";0,044;"Vestuário, acessórios de vestuário, calçados e chapéus, de amianto/das misturas"
"2018";"Amianto";"68114000";1007;6686;"KGL";"QUILOGRAMA LIQUIDO";0,037;"Obras de fibrocimento, cimento-celulose ou produtos semelhantes, que contenham amianto"
"2018";"Amianto";"68129920";814;25;"KGL";"QUILOGRAMA LIQUIDO";0,03;"Amianto trabalhado, em fibras"
"2018";"Antimônio";"28258010";6509550;859701;"KGL";"QUILOGRAMA LIQUIDO";65,692;"Trióxido de antimônio"
"2018";"Antimônio";"81101010";2349593;279580;"KGL";"QUILOGRAMA LIQUIDO";23,711;"Antimônio em formas brutas"
"2018";"Antimônio";"81109000";839495;103901;"KGL";"QUILOGRAMA LIQUIDO";8,472;"Obras e outros produtos do antimônio"
"2018";"Antimônio";"28258090";194302;36326;"KGL";"QUILOGRAMA LIQUIDO";1,961;"Outros óxidos de antimônio"
"2018";"Antimônio";"28419060";10719;1011;"KGL";"QUILOGRAMA LIQUIDO";0,108;"Antimoniatos"
"2018";"Antimônio";"81101020";2885;4;"KGL";"QUILOGRAMA LIQUIDO";0,029;"Antimônio em pós"
"2018";"Antimônio";"28273950";2675;13;"KGL";"QUILOGRAMA LIQUIDO";0,027;"Cloreto de antimônio"
"2018";"Antimônio";"26171000";32;0;"KGL";"QUILOGRAMA LIQUIDO";0;"Minérios de antimônio e seus concentrados"
"2018";"Areia";"25059000";87164;176,072;"TML";"TONELADA METRICA LIQUIDA";100;"Outras areias naturais de qualquer espécie, mesmo coradas, exceto areias metalíferas do Capítulo 26"
"2018";"Argilas Comuns";"69072100";52473815;6132915;"M2";"METRO QUADRADO";72,044;"Ladrilhos e placas (lajes), para pavimentação ou revestimento, exceto os das subposições 6907.30 e 6907.40, com um coeficiente de absorção de água, em peso, não superior a 0,5 %"
"2018";"Argilas Comuns";"69139000";10398807;5970055;"KGL";"QUILOGRAMA LIQUIDO";14,277;"Estatuetas/outros objetos ornamentais de cerâmica, exceto porcelana"
"2018";"Argilas Comuns";"69149000";3154821;1235726;"KGL";"QUILOGRAMA LIQUIDO";4,331;"Outras obras de cerâmica, exceto porcelana"
"2018";"Argilas Comuns";"25084090";2002451;2830317;"KGL";"QUILOGRAMA LIQUIDO";2,749;"Outras argilas"
"2018";"Argilas Comuns";"69072300";1484013;797409;"M2";"METRO QUADRADO";2,037;"Ladrilhos e placas (lajes), para pavimentação ou revestimento, exceto os das subposições 6907.30 e 6907.40, com um coeficiente de absorção de água, em peso, superior a 10 %"
"2018";"Argilas Comuns";"69072200";1204346;866333;"M2";"METRO QUADRADO";1,654;"Ladrilhos e placas (lajes), para pavimentação ou revestimento, exceto os das subposições 6907.30 e 6907.40, com um coeficiente de absorção de água, em peso, superior a 0,5 %, mas não superior a 10 %"
"2018";"Argilas Comuns";"69073000";1012637;86434;"M2";"METRO QUADRADO";1,39;"Cubos, pastilhas e artigos semelhantes, para mosaicos, exceto os da subposição 6907.40"
"2018";"Argilas Comuns";"69041000";674309;7799;"MIL";"MILHEIRO";0,926;"Tijolos de cerâmica"
"2018";"Argilas Comuns";"69074000";124946;8996;"M2";"METRO QUADRADO";0,172;"Peças de acabamento, de cerâmica"
"2018";"Argilas Comuns";"32072010";117927;170760;"KGL";"QUILOGRAMA LIQUIDO";0,162;"Engobos"
"2018";"Argilas Plásticas";"69091930";26146969;1337488;"KGL";"QUILOGRAMA LIQUIDO";23,457;"Colméia de cerâmica à base de alumina (Al2O3), sílica (SiO2) e óxido de magnésio (MgO), de depuradores por conversão catalítica de gases de escape de veículos"
"2018";"Argilas Plásticas";"69120000";23899995;8909619;"KGL";"QUILOGRAMA LIQUIDO";21,441;"Louça, outros artigos de uso doméstico e artigos de higiene ou de toucador, de cerâmica, exceto de porcelana"
"2018";"Argilas Plásticas";"85462000";22889454;10427952;"KGL";"QUILOGRAMA LIQUIDO";20,534;"Isoladores de cerâmica para uso elétrico"
"2018";"Argilas Plásticas";"69091990";11296623;2431051;"KGL";"QUILOGRAMA LIQUIDO";10,134;"Outros aparelhos e artefatos de cerâmica, para uso químico/técnico"
"2018";"Argilas Plásticas";"85051910";8708786;3925687;"KGL";"QUILOGRAMA LIQUIDO";7,813;"Ímãs permanentes e artefatos destinados a tornarem-se ímãs permanentes após magnetização, de ferrita (cerâmicos)"
"2018";"Argilas Plásticas";"69091290";7369966;4209780;"KGL";"QUILOGRAMA LIQUIDO";6,612;"Outros artefatos de cerâmica, exceto porcelana, com uma dureza equivalente a 9 ou mais na escala de Mohs"
"2018";"Argilas Plásticas";"69109000";3960531;123239;"UNID.";"NUMERO (UNIDADE)";3,553;"Pias, lavatórios, etc, para sanitários, de cerâmica, exceto porcelana"
"2018";"Argilas Plásticas";"85471000";3531972;509477;"KGL";"QUILOGRAMA LIQUIDO";3,169;"Peças isolantes de cerâmica, para máquinas, aparelhos e instalações elétricas"
"2018";"Argilas Plásticas";"38029030";2401239;5249823;"KGL";"QUILOGRAMA LIQUIDO";2,154;"Atapulgita"
"2018";"Argilas Plásticas";"69099000";962799;26149;"KGL";"QUILOGRAMA LIQUIDO";0,864;"Alguidares e outros recipientes de cerâmica para uso rural, etc."
"2018";"Argilas Refratárias";"85322410";166074680;40935844752;"UNID.";"NUMERO (UNIDADE)";58,932;"Outros condensadores fixos, com dielétrico de cerâmica, de camadas múltiplas, próprios para montagem em superfície (SMD - Surface Mounted Device)"
"2018";"Argilas Refratárias";"82090011";66383677;182064;"KGL";"QUILOGRAMA LIQUIDO";23,556;"Plaquetas ou pastilhas, não montadas, de ceramais (cermets), intercambiáveis"
"2018";"Argilas Refratárias";"81130010";11993194;172873;"KGL";"QUILOGRAMA LIQUIDO";4,256;"Chapas, folhas, tiras, fios, hastes, pastilhas e plaquetas, de ceramais"
"2018";"Argilas Refratárias";"38160090";9195667;6008926;"KGL";"QUILOGRAMA LIQUIDO";3,263;"Outros concretos e composições semelhantes, refratrários"
"2018";"Argilas Refratárias";"38160019";8098926;9491758;"KGL";"QUILOGRAMA LIQUIDO";2,874;"Outros cimentos e argamassas, refratrários"
"2018";"Argilas Refratárias";"82090019";3408175;33269;"KGL";"QUILOGRAMA LIQUIDO";1,209;"Outras plaquetas ou pastilhas, não montadas, de ceramais (cermets)"
"2018";"Argilas Refratárias";"85322390";3040712;115930170;"UNID.";"NUMERO (UNIDADE)";1,079;"Outros condensadores fixos com dielétrico de cerâmica, de uma só camada"
"2018";"Argilas Refratárias";"85322310";2792336;818983278;"UNID.";"NUMERO (UNIDADE)";0,991;"Condensadores fixos com dielétrico de cerâmica, de uma só camada, próprios para montagem em superfície (SMD - Surface Mounted Device)"
"2018";"Argilas Refratárias";"81130090";2554538;94720;"KGL";"QUILOGRAMA LIQUIDO";0,906;"Outras obras de ceramais, desperdícios e resíduos de ceramais"
"2018";"Argilas Refratárias";"69039099";2059981;328505;"KGL";"QUILOGRAMA LIQUIDO";0,731;"Outros produtos cerâmicos refratrários"
"2018";"Arsênio";"28048000";86263;40001;"KGL";"QUILOGRAMA LIQUIDO";100;"Arsênio"
"2018";"Bário";"25111000";6629406;32078378;"KGL";"QUILOGRAMA LIQUIDO";39,652;"Sulfato de bário natural (baritina)"
"2018";"Bário";"28332710";5719450;7595243;"KGL";"QUILOGRAMA LIQUIDO";34,21;"Sulfato de bário, com teor de BaSO4 superior ou igual a 97,5 %, em peso"
"2018";"Bário";"28366010";2639797;4680913;"KGL";"QUILOGRAMA LIQUIDO";15,789;"Carbonato de bário, com um teor de BaCO3 superior ou igual a 98%, em peso"
"2018";"Bário";"28164010";930792;338749;"KGL";"QUILOGRAMA LIQUIDO";5,567;"Hidróxido de bário"
"2018";"Bário";"32064210";402740;239800;"KGL";"QUILOGRAMA LIQUIDO";2,409;"Litopônio"
"2018";"Bário";"28366090";223239;457840;"KGL";"QUILOGRAMA LIQUIDO";1,335;"Outros carbonatos de bário"
"2018";"Bário";"28332790";105674;115295;"KGL";"QUILOGRAMA LIQUIDO";0,632;"Outros sulfatos de bário"
"2018";"Bário";"25112000";65030;108000;"KGL";"QUILOGRAMA LIQUIDO";0,389;"Carbonato de bário natural (witherita)"
"2018";"Bário";"48101382";1299;86;"KGL";"QUILOGRAMA LIQUIDO";0,008;"Papéis e cartões baritados, sem fibras obtidas por processo mecânico ou químico-mecânico ou em que a percentagem destas fibras não seja superior a 10 %, em peso, do conteúdo total de fibras, em rolos, de peso superior a 150 g/m2"
"2018";"Bário";"48101482";710;52;"KGL";"QUILOGRAMA LIQUIDO";0,004;"Papel baritado, sem fibra obtida por processo mecânico ou químico-mecânico ou em que a percentagem destas fibras < 10 %,em peso,do conteúdo total de fibras,de peso > 150 g/m2,em folhas em que um dos lados < 435 mm e o outro < 297 mm,quando não dobradas"
"2018";"Bauxita";"76011000";646547687;6360450;"TML";"TONELADA METRICA LIQUIDA";29,234;"Alumínio não ligado, em formas brutas"
"2018";"Bauxita";"76020000";245863977;139599,789;"TML";"TONELADA METRICA LIQUIDA";11,117;"Desperdícios e resíduos, de alumínio"
"2018";"Bauxita";"76061290";183504749;62102,492;"TML";"TONELADA METRICA LIQUIDA";8,297;"Outras chapas e tiras, de ligas alumínio, espessura > 0.2mm"
"2018";"Bauxita";"76169900";168394141;14801,768;"TML";"TONELADA METRICA LIQUIDA";7,614;"Outras obras de alumínio"
"2018";"Bauxita";"76012000";143852692;58992,731;"TML";"TONELADA METRICA LIQUIDA";6,504;"Ligas de alumínio, em formas brutas"
"2018";"Bauxita";"76071190";83954314;23462,151;"TML";"TONELADA METRICA LIQUIDA";3,796;"Outras folhas e tiras, de alumínio sem suporte, laminado, espessura <= 0.2 mm"
"2018";"Bauxita";"76071990";65119506;11891,804;"TML";"TONELADA METRICA LIQUIDA";2,944;"Outras folhas e tiras, de alumínio, sem suporte, espessura <= 0.2mm"
"2018";"Bauxita";"76149010";57889264;27387,667;"TML";"TONELADA METRICA LIQUIDA";2,618;"Outros cabos de alumínio, não isolados para usos elétricos"
"2018";"Bauxita";"76072000";53356320;10555,844;"TML";"TONELADA METRICA LIQUIDA";2,413;"Folhas e tiras, delgadas, de alumínio (mesmo impressas ou com suporte de papel, cartão, plásticos ou semelhantes), de espessura não superior a 0,2 mm, com suporte"
"2018";"Bauxita";"85322200";46313240;798359402;"UNID.";"NUMERO (UNIDADE)";2,094;"Condensador fixo eletrolítico, de alumínio"
"2018";"Bentonita";"25081000";21589755;96426879;"KGL";"QUILOGRAMA LIQUIDO";77,54;"Bentonita"
"2018";"Bentonita";"38029020";6253608;90596245;"KGL";"QUILOGRAMA LIQUIDO";22,46;"Bentonita (matéria mineral natural ativada)"
"2018";"Berílio";"81121900";27747;5;"KGL";"QUILOGRAMA LIQUIDO";100;"Obras de berílio"
"2018";"Bismuto";"81060010";1645134;145300;"KGL";"QUILOGRAMA LIQUIDO";76,665;"Bismuto em bruto"
"2018";"Bismuto";"81060090";423864;7237;"KGL";"QUILOGRAMA LIQUIDO";19,752;"Obras de bismuto, desperdícios e resíduos, de bismuto"
"2018";"Bismuto";"28274911";70753;1639;"KGL";"QUILOGRAMA LIQUIDO";3,297;"Oxicloretos de bismuto"
"2018";"Bismuto";"28273970";6087;2;"KGL";"QUILOGRAMA LIQUIDO";0,284;"Cloreto de bismuto"
"2018";"Bismuto";"28419083";43;1;"KGL";"QUILOGRAMA LIQUIDO";0,002;"Aluminato de bismuto"
"2018";"Boro";"25280000";35653243;149013010;"KGL";"QUILOGRAMA LIQUIDO";40,504;"Boratos naturais e seus concentrados (calcinados ou não), exceto boratos extraídos de salmouras naturais; ácido bórico natural com um teor máximo de 85 % de H3BO3, em produto seco"
"2018";"Boro";"28100010";24981074;45258262;"KGL";"QUILOGRAMA LIQUIDO";28,38;"Ácido ortobórico"
"2018";"Boro";"28401900";11912316;21979814;"KGL";"QUILOGRAMA LIQUIDO";13,533;"Outros tetraboratos dissódicos (borax refinado)"
"2018";"Boro";"28402000";11511692;5490921;"KGL";"QUILOGRAMA LIQUIDO";13,078;"Outros boratos"
"2018";"Boro";"28500010";1437115;92734814;"QUILT";"QUILATE";1,633;"Nitreto de boro"
"2018";"Boro";"28499010";1187036;87347;"KGL";"QUILOGRAMA LIQUIDO";1,349;"Carbonetos de constituição química definida ou não, de boro"
"2018";"Boro";"28401100";741169;858564;"KGL";"QUILOGRAMA LIQUIDO";0,842;"Tetraborato dissódico (borax refinado) anidro"
"2018";"Boro";"28100090";413392;94014;"KGL";"QUILOGRAMA LIQUIDO";0,47;"Óxidos de boro e outros ácidos bóricos"
"2018";"Boro";"28403000";186161;167446;"KGL";"QUILOGRAMA LIQUIDO";0,211;"Peroxoboratos (perboratos)"
"2018";"Bromo";"28275900";3773172;2269451;"KGL";"QUILOGRAMA LIQUIDO";77,767;"Outros brometos e oxibrometos"
"2018";"Bromo";"28275100";1068940;304800;"KGL";"QUILOGRAMA LIQUIDO";22,031;"Brometos de sódio ou de potássio"
"2018";"Bromo";"28299019";5696;97;"KGL";"QUILOGRAMA LIQUIDO";0,117;"Outros bromatos"
"2018";"Bromo";"28299029";4083;173;"KGL";"QUILOGRAMA LIQUIDO";0,084;"Outros perbromatos"
"2018";"Cádmio";"28259010";281794;39671;"KGL";"QUILOGRAMA LIQUIDO";61,38;"Óxido de cádmio"
"2018";"Cádmio";"32064910";151335;33351;"KGL";"QUILOGRAMA LIQUIDO";32,964;"Pigmentos preparados à base de compostos de cádmio"
"2018";"Cádmio";"81072010";23524;5021;"KGL";"QUILOGRAMA LIQUIDO";5,124;"Cádmio em formas brutas"
"2018";"Cádmio";"28273991";1757;26;"KGL";"QUILOGRAMA LIQUIDO";0,383;"Cloreto de cádmio"
"2018";"Cádmio";"81079000";447;0;"KGL";"QUILOGRAMA LIQUIDO";0,097;"Obras de cádmio"
"2018";"Cádmio";"81072020";241;0;"KGL";"QUILOGRAMA LIQUIDO";0,052;"Cádmio em pós"
"2018";"Calcário";"28352500";39511921;94307,849;"TML";"TONELADA METRICA LIQUIDA";17,903;"Hidrogeno-ortofosfato de cálcio (fosfato dicálcico)"
"2018";"Calcário";"68101900";30775447;44734,884;"TML";"TONELADA METRICA LIQUIDA";13,945;"Outras telhas, ladrilhos, semelhantes, de cimento, de concreto ou de pedra artificial, mesmo armadas"
"2018";"Calcário";"28352600";29757595;64555,457;"TML";"TONELADA METRICA LIQUIDA";13,483;"Outros fosfatos de cálcio"
"2018";"Calcário";"25231000";20323422;487150,34;"TML";"TONELADA METRICA LIQUIDA";9,209;"Cimentos não pulverizados, denominados clinkers"
"2018";"Calcário";"25221000";14603161;88979,38;"TML";"TONELADA METRICA LIQUIDA";6,617;"Cal viva"
"2018";"Calcário";"68109900";13697613;19343,314;"TML";"TONELADA METRICA LIQUIDA";6,206;"Outras obras de cimento, de concreto ou de pedra artificial, mesmo armadas"
"2018";"Calcário";"25232100";12892107;128773,321;"TML";"TONELADA METRICA LIQUIDA";5,842;"Cimentos Portland brancos, mesmo corados artificialmente"
"2018";"Calcário";"38249971";8585907;36328,918;"TML";"TONELADA METRICA LIQUIDA";3,89;"Cal sodada; carbonato de cálcio hidrófugo"
"2018";"Calcário";"28365000";7971694;24542,277;"TML";"TONELADA METRICA LIQUIDA";3,612;"Carbonato de cálcio"
"2018";"Calcário";"28281000";6928235;5916,3;"TML";"TONELADA METRICA LIQUIDA";3,139;"Hipoclorito de cálcio comercial e outros hipocloritos de cálcio"
"2018";"Carvão Mineral";"27011200";2842779158;19797242222;"KGL";"QUILOGRAMA LIQUIDO";66,247;"Hulha betuminosa, não aglomerada"
"2018";"Carvão Mineral";"27040012";556532424;1656607396;"KGL";"QUILOGRAMA LIQUIDO";12,969;"Coques com granulometria inferior a 80 mm"
"2018";"Carvão Mineral";"27011900";346639543;2271008308;"KGL";"QUILOGRAMA LIQUIDO";8,078;"Outras hulhas, mesmo em pó, mas não aglomeradas"
"2018";"Carvão Mineral";"27011100";192921526;1645148922;"KGL";"QUILOGRAMA LIQUIDO";4,496;"Hulha antracita, não aglomerada"
"2018";"Carvão Mineral";"85451100";147855986;16190339;"KGL";"QUILOGRAMA LIQUIDO";3,446;"Eletrodos de carvão, dos tipos utilizados em fornos"
"2018";"Carvão Mineral";"27040011";65748619;178423734;"KGL";"QUILOGRAMA LIQUIDO";1,532;"Coques com granulometria igual ou superior a 80 mm"
"2018";"Carvão Mineral";"27079990";44429416;54885858;"KGL";"QUILOGRAMA LIQUIDO";1,035;"Outros óleos e produtos da destilação do alcatrão de hulha"
"2018";"Carvão Mineral";"27081000";34746620;45264107;"KGL";"QUILOGRAMA LIQUIDO";0,81;"Breu obtido a partir do alcatrão de hulha ou de outros alcatrões minerais"
"2018";"Carvão Mineral";"27075000";17468598;23771762;"KGL";"QUILOGRAMA LIQUIDO";0,407;"Outras misturas de hidrocarbonetos aromáticos que destilem, incluindo as perdas, uma fração igual ou superior a 65 %, em volume, a 250 °C, segundo o método ASTM D 86"
"2018";"Carvão Mineral";"38021000";16531268;6566841;"KGL";"QUILOGRAMA LIQUIDO";0,385;"Carvões ativados"
"2018";"Caulim";"48109290";48252173;53822,127;"TML";"TONELADA METRICA LIQUIDA";52,173;"Outros papéis e cartões de camadas múltiplas, revestidos de caulim, em rolos ou folhas"
"2018";"Caulim";"69111090";12436574;3795,478;"TML";"TONELADA METRICA LIQUIDA";13,447;"Outros artigos para serviços de mesa/cozinha, de porcelana"
"2018";"Caulim";"69111010";7610696;2619,921;"TML";"TONELADA METRICA LIQUIDA";8,229;"Conjunto (jogo ou aparelho) para jantar, café ou chá, apresentado em embalagem comum, de porcelana"
"2018";"Caulim";"25070010";5533524;11940,09;"TML";"TONELADA METRICA LIQUIDA";5,983;"Caulim (caulino), mesmo calcinados"
"2018";"Caulim";"69101000";5276113;235797;"UNID.";"NUMERO (UNIDADE)";5,705;"Pias, lavatórios, etc, para sanitários, de porcelana"
"2018";"Caulim";"25070090";3945790;10810,951;"TML";"TONELADA METRICA LIQUIDA";4,266;"Outras argilas caulínicas, mesmo calcinadas"
"2018";"Caulim";"69131000";2924807;1678,047;"TML";"TONELADA METRICA LIQUIDA";3,162;"Estatuetas/outros objetos ornamentais de porcelana"
"2018";"Caulim";"48109990";2917398;2364,291;"TML";"TONELADA METRICA LIQUIDA";3,154;"Outros papéis/cartões, revestidos de caulim, em rolos/folhas"
"2018";"Caulim";"48109910";1137648;988,846;"TML";"TONELADA METRICA LIQUIDA";1,23;"Outros papéis e cartões revestidos de caulim, em tiras ou rolos de largura não superior a 15 cm ou em folhas em que nenhum lado exceda 360 mm, quando não dobradas"
"2018";"Caulim";"69119000";921189;593,43;"TML";"TONELADA METRICA LIQUIDA";0,996;"Outros artigos de uso doméstico, higiene, etc, de porcelana"
"2018";"Chumbo";"78011090";141621084;57344;"TML";"TONELADA METRICA LIQUIDA";45,858;"Outras formas brutas de chumbo refinado"
"2018";"Chumbo";"85072010";94513326;6548280;"UNID.";"NUMERO (UNIDADE)";30,604;"Outros acumuladores elétricos, de chumbo, peso <= 1000 kg"
"2018";"Chumbo";"78019100";22788354;434848;"TML";"TONELADA METRICA LIQUIDA";7,379;"Chumbos que contenham antimônio como segundo elemento predominante em peso"
"2018";"Chumbo";"85071090";20516319;276249;"UNID.";"NUMERO (UNIDADE)";6,643;"Outros acumuladores elétricos de chumbo"
"2018";"Chumbo";"85071010";11948714;1093161;"UNID.";"NUMERO (UNIDADE)";3,869;"Acumuladores elétricos de chumbo, do tipo utilizado para o arranque dos motores de pistão, de capacidade inferior ou igual a 20 Ah e tensão inferior ou igual a 12 V"
"2018";"Chumbo";"78019900";5140938;2583;"TML";"TONELADA METRICA LIQUIDA";1,665;"Outras formas brutas de chumbo"
"2018";"Chumbo";"93062900";2816336;665,288;"TML";"TONELADA METRICA LIQUIDA";0,912;"Chumbos para carabinas de ar comprimido, partes para cartuchos"
"2018";"Chumbo";"85072090";2607609;50294;"UNID.";"NUMERO (UNIDADE)";0,844;"Outros acumuladores elétricos, de chumbo"
"2018";"Chumbo";"38111100";2399036;63;"TML";"TONELADA METRICA LIQUIDA";0,777;"Preparações antidetonantes à base de compostos de chumbo"
"2018";"Chumbo";"78060090";1491767;355,135;"TML";"TONELADA METRICA LIQUIDA";0,483;"Outras obras de chumbo"
"2018";"Cobalto";"81052029";24351786;1297,565;"TML";"TONELADA METRICA LIQUIDA";33,747;"Outros pós"
"2018";"Cobalto";"81052010";21066854;263,767;"TML";"TONELADA METRICA LIQUIDA";29,194;"Cobalto em formas brutas"
"2018";"Cobalto";"28220090";14217685;714,757;"TML";"TONELADA METRICA LIQUIDA";19,703;"Outros óxidos e hidróxidos de cobalto, inclusive os comerciais"
"2018";"Cobalto";"28220010";4642070;85,4;"TML";"TONELADA METRICA LIQUIDA";6,433;"Tetraóxido de tricobalto (óxido salino de cobalto)"
"2018";"Cobalto";"81059010";3468767;28,559;"TML";"TONELADA METRICA LIQUIDA";4,807;"Chapas, folhas, tiras, fios, hastes, pastilhas e plaquetas, de cobalto"
"2018";"Cobalto";"81059090";2414622;28,002;"TML";"TONELADA METRICA LIQUIDA";3,346;"Outras obras de cobalto"
"2018";"Cobalto";"81052021";1787956;30,657;"TML";"TONELADA METRICA LIQUIDA";2,478;"Pós de ligas à base de cobalto-cromo-tungstênio (volfrâmio) (estelites)"
"2018";"Cobalto";"28273997";126042;7,081;"TML";"TONELADA METRICA LIQUIDA";0,175;"Cloreto de cobalto"
"2018";"Cobalto";"81052090";76571;1,064;"TML";"TONELADA METRICA LIQUIDA";0,106;"Mates de cobalto e outros produtos intermediários metálicos"
"2018";"Cobalto";"26050000";8221;0,048;"TML";"TONELADA METRICA LIQUIDA";0,011;"Minérios de cobalto e seus concentrados"
"2018";"Cobre";"74031100";1322589560;199314;"TML";"TONELADA METRICA LIQUIDA";55,117;"Cátodos e seus elementos de cobre refinado, em formas brutas"
"2018";"Cobre";"26030010";712655807;376973,947;"TML";"TONELADA METRICA LIQUIDA";29,699;"Sulfetos de minérios de cobre e seus concentrados"
"2018";"Cobre";"74081100";80853402;11145,824;"TML";"TONELADA METRICA LIQUIDA";3,369;"Fios de cobre refinado, com a maior dimensão da seção transversal superior a 6 mm"
"2018";"Cobre";"74020000";40837296;6310,612;"TML";"TONELADA METRICA LIQUIDA";1,702;"Cobre não refinado; ânodos de cobre para refinação eletrolítica"
"2018";"Cobre";"74111090";32722196;3968,466;"TML";"TONELADA METRICA LIQUIDA";1,364;"Outros tubos de cobre refinado"
"2018";"Cobre";"74122000";32496263;1926,976;"TML";"TONELADA METRICA LIQUIDA";1,354;"Acessórios para tubos (por exemplo, uniões, cotovelos, luvas), de ligas de cobre"
"2018";"Cobre";"74040000";23872655;3973,187;"TML";"TONELADA METRICA LIQUIDA";0,995;"Desperdícios e resíduos, de cobre"
"2018";"Cobre";"38089291";19015139;3394,042;"TML";"TONELADA METRICA LIQUIDA";0,792;"Fungicidas à base de hidróxido de cobre, de oxicloreto de cobre ou de óxido cuproso"
"2018";"Cobre";"74199990";13726614;329,696;"TML";"TONELADA METRICA LIQUIDA";0,572;"Aparelhos para cozinhar/aquecer, de cobre, não elétrico, uso doméstico"
"2018";"Cobre";"85441100";10487990;779,525;"TML";"TONELADA METRICA LIQUIDA";0,437;"Fios de cobre para bobinar, isolados para usos elétricos (incluindo os envernizados ou oxidados anodicamente)"
"2018";"Coríndon";"38160021";678499;352062;"KGL";"QUILOGRAMA LIQUIDO";100;"Preparações refratárias que contenham grafita e 50 % ou mais, em peso, de coríndon"
"2018";"Cromo";"73064000";84690133;32078,941;"TML";"TONELADA METRICA LIQUIDA";11,529;"Outros tubos soldados, de seção circular, de aço inoxidável"
"2018";"Cromo";"73239300";49222055;12090,099;"TML";"TONELADA METRICA LIQUIDA";6,701;"Outros artefatos domésticos, de aços inoxidáveis, e partes"
"2018";"Cromo";"72193300";43240283;19811,116;"TML";"TONELADA METRICA LIQUIDA";5,887;"Produtos laminados planos de aço inoxidável, de largura igual ou superior a 600 mm, simplesmente laminados a frio, de espessura superior a 1 mm, mas inferior a 3 mm"
"2018";"Cromo";"72193400";41031343;19083,258;"TML";"TONELADA METRICA LIQUIDA";5,586;"Produtos laminados planos de aço inoxidável, de largura igual ou superior a 600 mm, simplesmente laminados a frio, de espessura igual ou superior a 0,5 mm, mas não superior a 1 mm"
"2018";"Cromo";"72222000";40404601;16050,18;"TML";"TONELADA METRICA LIQUIDA";5,501;"Barras de aço inxodiável simplesmente obtidas ou completamente acabadas a frio"
"2018";"Cromo";"72202090";39536323;10982,749;"TML";"TONELADA METRICA LIQUIDA";5,382;"Outros produtos laminados planos de aço inoxidável, de largura inferior a 600 mm, simplesmente laminados a frio"
"2018";"Cromo";"73042400";37953974;3260,348;"TML";"TONELADA METRICA LIQUIDA";5,167;"Outros tubos, dos tipos utilizados na extração de petróleo ou de gás, de aço inoxidável"
"2018";"Cromo";"28332960";37076684;43919,3;"TML";"TONELADA METRICA LIQUIDA";5,047;"Sulfatos de cromo"
"2018";"Cromo";"73072900";31122806;796,279;"TML";"TONELADA METRICA LIQUIDA";4,237;"Outros acessórios para tubos, de aços inoxidáveis"
"2018";"Cromo";"72024100";28438844;20328,795;"TML";"TONELADA METRICA LIQUIDA";3,872;"Ferro-cromo, que contenham, em peso, mais de 4 % de carbono"
"2018";"Diamante";"68042119";82202731;3447685;"KGL";"QUILOGRAMA LIQUIDO";64,999;"Outros mós de diamante natural ou sintético, aglomerado, de diâmetro inferior a 53,34 cm"
"2018";"Diamante";"68042190";20518016;1129167;"KGL";"QUILOGRAMA LIQUIDO";16,224;"Outros mós de diamante natural ou sintético, aglomerado"
"2018";"Diamante";"71023900";16297014;67174;"QUILT";"QUILATE";12,886;"Outros diamantes não industriais, não montados, não engastados"
"2018";"Diamante";"68042111";4071134;536255;"KGL";"QUILOGRAMA LIQUIDO";3,219;"Mós de diamante natural ou sintético, aglomerado, de diâmetro inferior a 53,34 cm, aglomerados com resina"
"2018";"Diamante";"71051000";3338230;37710795;"QUILT";"QUILATE";2,64;"Pó de diamantes"
"2018";"Diamante";"71022100";23350;10096;"QUILT";"QUILATE";0,018;"Diamantes industriais, em bruto ou simplesmente serrados, clivados ou desbastados"
"2018";"Diamante";"71023100";13486;71;"QUILT";"QUILATE";0,011;"Diamantes não industriais, em bruto ou simplesmente serrados, clivados ou desbastados"
"2018";"Diamante";"71022900";4682;1129;"QUILT";"QUILATE";0,004;"Outros diamantes industriais, não montados, nem engastados"
"2018";"Diatomita";"25120000";14235675;26182908;"KGL";"QUILOGRAMA LIQUIDO";61,053;"Farinhas siliciosas fósseis (por exemplo, kieselguhr, tripolita, diatomita) e outras terras siliciosas análogas de densidade aparente não superior a 1, mesmo calcinadas"
"2018";"Diatomita";"38029010";8105545;15377206;"KGL";"QUILOGRAMA LIQUIDO";34,763;"Farinhas silíciosas fósseis (ativadas)"
"2018";"Diatomita";"38029040";975689;2290150;"KGL";"QUILOGRAMA LIQUIDO";4,184;"Outras argilas e terras ativadas"
"2018";"Dolomita";"25181000";5920385;392878302;"KGL";"QUILOGRAMA LIQUIDO";95,343;"Dolomita não calcinada nem sinterizada, denominada 'crua'"
"2018";"Dolomita";"25182000";277590;600050;"KGL";"QUILOGRAMA LIQUIDO";4,47;"Dolomita calcinada ou sinterizada"
"2018";"Dolomita";"25183000";11576;12303;"KGL";"QUILOGRAMA LIQUIDO";0,186;"Aglomerados de dolomita"
"2018";"Enxofre";"25030010";320334185;2225352018;"KGL";"QUILOGRAMA LIQUIDO";79,073;"Enxofre de qualquer espécie, exceto o enxofre sublimado, o precipitado e o coloidal, a granel"
"2018";"Enxofre";"28070010";32740863;546147874;"KGL";"QUILOGRAMA LIQUIDO";8,082;"Ácido sulfúrico"
"2018";"Enxofre";"25030090";30690095;154522555;"KGL";"QUILOGRAMA LIQUIDO";7,576;"Outras formas de enxofre de qualquer espécie, exceto o enxofre sublimado, o precipitado e o coloidal"
"2018";"Enxofre";"28332990";6554476;12148140;"KGL";"QUILOGRAMA LIQUIDO";1,618;"Outros sulfatos"
"2018";"Enxofre";"28131000";6532505;9485614;"KGL";"QUILOGRAMA LIQUIDO";1,613;"Dissulfeto de carbono"
"2018";"Enxofre";"38089292";1934875;1026345;"KGL";"QUILOGRAMA LIQUIDO";0,478;"Fungicida à base de enxofre ou de ziram"
"2018";"Enxofre";"28111910";1778590;2510899;"KGL";"QUILOGRAMA LIQUIDO";0,439;"Ácido aminossulfônico (ácido sulfâmico)"
"2018";"Enxofre";"28334090";1518828;742556;"KGL";"QUILOGRAMA LIQUIDO";0,375;"Outros peroxossulfatos (persulfatos)"
"2018";"Enxofre";"28309019";860029;99449;"KGL";"QUILOGRAMA LIQUIDO";0,212;"Outros sulfetos"
"2018";"Enxofre";"28322000";439891;344742;"KGL";"QUILOGRAMA LIQUIDO";0,109;"Outros sulfitos"
"2018";"Estanho";"80070020";4223615;106,335;"TML";"TONELADA METRICA LIQUIDA";40,064;"Pós e escamas, de estanho"
"2018";"Estanho";"26090000";2661936;140;"TML";"TONELADA METRICA LIQUIDA";25,25;"Minérios de estanho e seus concentrados"
"2018";"Estanho";"80012000";1710521;77,723;"TML";"TONELADA METRICA LIQUIDA";16,225;"Ligas de estanho, em forma bruta"
"2018";"Estanho";"80030000";1265392;41,13;"TML";"TONELADA METRICA LIQUIDA";12,003;"Barras, perfis e fios, de estanho"
"2018";"Estanho";"80070090";496913;112,927;"TML";"TONELADA METRICA LIQUIDA";4,714;"Outras obras de estanho"
"2018";"Estanho";"28419049";105781;6,073;"TML";"TONELADA METRICA LIQUIDA";1,003;"Outros estanatos"
"2018";"Estanho";"80070010";45589;0,493;"TML";"TONELADA METRICA LIQUIDA";0,432;"Chapas, folhas e tiras, de estanho"
"2018";"Estanho";"80011000";25223;463;"TML";"TONELADA METRICA LIQUIDA";0,239;"Estanho não ligado, em forma bruta"
"2018";"Estanho";"80070030";7216;0,032;"TML";"TONELADA METRICA LIQUIDA";0,068;"Tubos e seus acessórios, de estanho"
"2018";"Estrôncio";"28369200";1568268;2021251;"KGL";"QUILOGRAMA LIQUIDO";57,627;"Carbonato de estrôncio"
"2018";"Estrôncio";"28051910";816477;108000;"KGL";"QUILOGRAMA LIQUIDO";30,002;"Estrôncio"
"2018";"Estrôncio";"28273994";221502;48920;"KGL";"QUILOGRAMA LIQUIDO";8,139;"Cloreto de estrôncio"
"2018";"Estrôncio";"28164090";113558;5162;"KGL";"QUILOGRAMA LIQUIDO";4,173;"Óxidos, hidróxidos, peróxidos de estrôncio, etc."
"2018";"Estrôncio";"28419022";1630;2000;"KGL";"QUILOGRAMA LIQUIDO";0,06;"Ferrito de estrôncio"
"2018";"Feldspato";"25291000";226039;542201;"KGL";"QUILOGRAMA LIQUIDO";100;"Feldspato"
"2018";"Ferro";"73181500";377237942;67595,292;"TML";"TONELADA METRICA LIQUIDA";8,232;"Outros parafusos e pinos ou pernos, mesmo com as porcas e arruelas, de ferro fundido, ferro ou aço"
"2018";"Ferro";"73269090";312306181;42313,311;"TML";"TONELADA METRICA LIQUIDA";6,815;"Outras obras de ferro ou aço"
"2018";"Ferro";"72104910";238505987;319796,867;"TML";"TONELADA METRICA LIQUIDA";5,205;"Produtos laminados planos, de ferro ou aço não ligado, de largura igual ou superior a 600 mm, folheados ou chapeados, ou revestidos, galvanizados por outro processo, de espessura inferior a 4,75 mm"
"2018";"Ferro";"72085100";170533828;207128,334;"TML";"TONELADA METRICA LIQUIDA";3,721;"Produtos laminados planos, de ferro ou aço não ligado, de largura igual ou superior a 600 mm, não folheados ou chapeados, nem revestidos, não enrolados, simplesmente laminados a quente, de espessura superior a 10 mm"
"2018";"Ferro";"72106100";154584147;201753,777;"TML";"TONELADA METRICA LIQUIDA";3,373;"Produtos laminados planos, de ferro ou aço não ligado, de largura igual ou superior a 600 mm, revestidos de ligas de alumínio-zinco"
"2018";"Ferro";"73181600";143439509;19858,383;"TML";"TONELADA METRICA LIQUIDA";3,13;"Porcas de ferro fundido, ferro ou aço"
"2018";"Ferro";"83071090";142127588;11964,015;"TML";"TONELADA METRICA LIQUIDA";3,102;"Outros tubos flexíveis de ferro ou aço"
"2018";"Ferro";"73182900";139823525;12717,247;"TML";"TONELADA METRICA LIQUIDA";3,051;"Outros artefatos não roscados, de ferro fundido, ferro ou aço"
"2018";"Ferro";"73261100";97155876;104598,23;"TML";"TONELADA METRICA LIQUIDA";2,12;"Esferas e artefatos semelhantes, para moinhos, simplesmente forjadas ou estampadas, de ferro ou aço"
"2018";"Ferro";"72107010";95002865;94623,389;"TML";"TONELADA METRICA LIQUIDA";2,073;"Produtos laminados planos, de ferro ou aço não ligado, de largura igual ou superior a 600 mm, folheados ou chapeados, pintados ou envernizados"
"2018";"Fluorita";"28111100";16370480;10944898;"KGL";"QUILOGRAMA LIQUIDO";49,909;"Fluoreto de hidrogênio (ácido fluorídrico)"
"2018";"Fluorita";"28269090";8579807;3330022;"KGL";"QUILOGRAMA LIQUIDO";26,158;"Outros fluossilicatos, fluoraluminatos, sais complexos fluor"
"2018";"Fluorita";"25292100";4669399;19073770;"KGL";"QUILOGRAMA LIQUIDO";14,236;"Espatoflúor, que contenha, em peso, 97 % ou menos de fluoreto de cálcio"
"2018";"Fluorita";"28269020";1764234;2831005;"KGL";"QUILOGRAMA LIQUIDO";5,379;"Fluossilicatos de sódio ou de potássio"
"2018";"Fluorita";"28111940";566974;140447;"KGL";"QUILOGRAMA LIQUIDO";1,729;"Fluorácidos e outros compostos de flúor"
"2018";"Fluorita";"28261990";522905;180517;"KGL";"QUILOGRAMA LIQUIDO";1,594;"Outros fluoretos"
"2018";"Fluorita";"25292200";326631;713211;"KGL";"QUILOGRAMA LIQUIDO";0,996;"Espatoflúor, que contenha, em peso, mais de 97 % de fluoreto de cálcio"
"2018";"Fosfato";"31054000";1378685631;3320784,737;"TML";"TONELADA METRICA LIQUIDA";41,184;"Diidrogeno-ortofosfato de amônio (fosfato monoamônico ou monoamoniacal), mesmo misturado com hidrogeno-ortofosfato de diamônio (fosfato diamônico ou diamoniacal)"
"2018";"Fosfato";"31055900";699516468;1930429,411;"TML";"TONELADA METRICA LIQUIDA";20,896;"Outros adubos/fertilizantes minerais químicos, com nitrogênio e fósforo"
"2018";"Fosfato";"31052000";357555378;1197606,259;"TML";"TONELADA METRICA LIQUIDA";10,681;"Adubos (fertilizantes) minerais ou químicos, que contenham os três elementos fertilizantes: nitrogênio (azoto), fósforo e potássio"
"2018";"Fosfato";"31031100";313283573;984404,151;"TML";"TONELADA METRICA LIQUIDA";9,358;"Superfosfatos, que contenham, em peso, 35 % ou mais de pentóxido de difósforo (P2O5)"
"2018";"Fosfato";"31031900";140459953;1081439,402;"TML";"TONELADA METRICA LIQUIDA";4,196;"Outros superfosfatos"
"2018";"Fosfato";"25101010";132961055;1870294,025;"TML";"TONELADA METRICA LIQUIDA";3,972;"Fosfatos de cálcio naturais, não moídos"
"2018";"Fosfato";"31053010";108501818;278027,749;"TML";"TONELADA METRICA LIQUIDA";3,241;"Hidrogeno-ortofosfato de diamônio (fosfato diamônico ou diamoniacal), com teor de arsênio superior ou igual a 6 mg/kg"
"2018";"Fosfato";"28092019";68922755;175163,878;"TML";"TONELADA METRICA LIQUIDA";2,059;"Outros ácidos fosfóricos"
"2018";"Fosfato";"31053090";32750507;82111,002;"TML";"TONELADA METRICA LIQUIDA";0,978;"Outros hidrogeno-ortofosfato de diamônio (fosfato diamônico ou diamoniacal)"
"2018";"Fosfato";"28047010";31998675;9204,185;"TML";"TONELADA METRICA LIQUIDA";0,956;"Fósforo branco"
"2018";"Gemas";"71031000";5371475;1618297;"KGL";"QUILOGRAMA LIQUIDO";68,31;"Pedras preciosas (exceto diamantes) ou semipreciosas, em bruto ou simplesmente serradas ou desbastadas"
"2018";"Gemas";"71039100";1334493;149237;"QUILT";"QUILATE";16,971;"Rubis, safiras e esmeraldas, trabalhadas de outro modo"
"2018";"Gemas";"71039900";701893;91893998;"QUILT";"QUILATE";8,926;"Outras pedras preciosas (exceto diamantes) ou semipreciosas, trabalhadas de outro modo"
"2018";"Gemas";"71162090";366408;38316;"KGL";"QUILOGRAMA LIQUIDO";4,66;"Outras obras de pedras preciosas/semi, sintética/reconstituída"
"2018";"Gemas";"71059000";89071;589;"KGL";"QUILOGRAMA LIQUIDO";1,133;"Pó de pedras preciosas ou semipreciosas ou de pedras sintéticas"
"2018";"Germânio";"28256010";8414;2;"KGL";"QUILOGRAMA LIQUIDO";100;"Óxidos de germanio"
"2018";"Gipsita";"34070010";8812968;3709401;"KGL";"QUILOGRAMA LIQUIDO";35,745;"Pastas para modelar"
"2018";"Gipsita";"25201019";5060760;347305448;"KGL";"QUILOGRAMA LIQUIDO";20,526;"Outras formas de gipsitas"
"2018";"Gipsita";"68091900";2517357;7078607;"KGL";"QUILOGRAMA LIQUIDO";10,21;"Outras chapas, placas, painéis, ladrilhos e semelhantes, não ornamentados, de gesso ou de composições à base de gesso"
"2018";"Gipsita";"68091100";2075896;11799332;"KGL";"QUILOGRAMA LIQUIDO";8,42;"Chapas, placas, painéis, ladrilhos e semelhantes, não ornamentados, revestidos ou reforçados exclusivamente com papel ou cartão, de gesso ou de composições à base de gesso"
"2018";"Gipsita";"96099000";2019551;1036763;"KGL";"QUILOGRAMA LIQUIDO";8,191;"Pastéis, carvões, gizes para escrever/desenhar e de alfaiate"
"2018";"Gipsita";"34070020";1334366;42006;"KGL";"QUILOGRAMA LIQUIDO";5,412;"Ceras para dentistas"
"2018";"Gipsita";"34070090";1152439;502331;"KGL";"QUILOGRAMA LIQUIDO";4,674;"Outras composições para dentistas, à base de gesso"
"2018";"Gipsita";"25202010";763327;733491;"KGL";"QUILOGRAMA LIQUIDO";3,096;"Gesso moído, apto para uso odontológico"
"2018";"Gipsita";"25202090";699947;2823906;"KGL";"QUILOGRAMA LIQUIDO";2,839;"Outras formas de gesso"
"2018";"Gipsita";"25201011";167466;1e+07;"KGL";"QUILOGRAMA LIQUIDO";0,679;"Gipsita em pedaços irregulares (pedras)"
"2018";"Grafita";"38011000";179987360;19368,86;"TML";"TONELADA METRICA LIQUIDA";75,187;"Grafita artificial"
"2018";"Grafita";"68151020";15682071;146,127;"TML";"TONELADA METRICA LIQUIDA";6,551;"Tecidos de fibras de carbono, para usos não elétricos"
"2018";"Grafita";"68151010";13071128;740,743;"TML";"TONELADA METRICA LIQUIDA";5,46;"Fibras de carbono, para usos não elétricos"
"2018";"Grafita";"68151090";9784971;204,481;"TML";"TONELADA METRICA LIQUIDA";4,088;"Outras obras de grafita/outros carbonos, para uso não elétrico"
"2018";"Grafita";"85451920";9195008;3357,235;"TML";"TONELADA METRICA LIQUIDA";3,841;"Blocos de grafite, dos tipos utilizados como cátodos em cubas eletrolíticas"
"2018";"Grafita";"38019000";4276769;999,656;"TML";"TONELADA METRICA LIQUIDA";1,787;"Outras preparações à base de grafita/outros carbonos, em pasta, etc"
"2018";"Grafita";"25041000";1990514;1379,337;"TML";"TONELADA METRICA LIQUIDA";0,832;"Grafita natural em pó ou em escamas"
"2018";"Grafita";"69031090";1078341;211,838;"TML";"TONELADA METRICA LIQUIDA";0,45;"Outros produtos cerâmicos refratários de grafita ou outro carbono > 50%"
"2018";"Grafita";"96092000";869958;81,846;"TML";"TONELADA METRICA LIQUIDA";0,363;"Minas para lápis/lapiseiras"
"2018";"Grafita";"85451910";713535;145,669;"TML";"TONELADA METRICA LIQUIDA";0,298;"Eletrodos de grafita, com teor de carbono superior ou igual a 99,9 %, em peso"
"2018";"Iodo";"28012090";30113383;1269130;"KGL";"QUILOGRAMA LIQUIDO";99,003;"Outras formas de iodo"
"2018";"Iodo";"28299040";180222;4548;"KGL";"QUILOGRAMA LIQUIDO";0,593;"Periodatos"
"2018";"Iodo";"28012010";80912;2444;"KGL";"QUILOGRAMA LIQUIDO";0,266;"Iodo sublimado"
"2018";"Iodo";"28276019";39339;4943;"KGL";"QUILOGRAMA LIQUIDO";0,129;"Outros iodetos"
"2018";"Iodo";"28276029";1576;58;"KGL";"QUILOGRAMA LIQUIDO";0,005;"Outros oxiiodetos"
"2018";"Iodo";"28299039";1277;3;"KGL";"QUILOGRAMA LIQUIDO";0,004;"Outros iodatos"
"2018";"Irídio";"28439030";1752331;51;"KGL";"QUILOGRAMA LIQUIDO";100;"Ácido hexacloroirídico em solução aquosa com uma concentração igual ou superior a 17 %, mas inferior ou igual a 27 %, em peso"
"2018";"Lítio";"85076000";271126039;68174120;"UNID.";"NUMERO (UNIDADE)";93,672;"Acumuladores eletricos de ion de litio"
"2018";"Lítio";"85065010";16412309;44243970;"UNID.";"NUMERO (UNIDADE)";5,67;"Pilhas e baterias de pilhas, elétricas, de lítio, com volume exterior não superior a 300 cm3"
"2018";"Lítio";"85065090";1889394;4787909;"UNID.";"NUMERO (UNIDADE)";0,653;"Outras pilhas e baterias de pilhas, elétricas, de lítio"
"2018";"Lítio";"28252020";5153;0,032;"TML";"TONELADA METRICA LIQUIDA";0,002;"Hidróxido de litio"
"2018";"Lítio";"28273960";6851;0,074;"TML";"TONELADA METRICA LIQUIDA";0,002;"Cloreto de lítio"
"2018";"Lítio";"28369100";1746;0,004;"TML";"TONELADA METRICA LIQUIDA";0,001;"Carbonatos de litio"
"2018";"Lítio";"28332920";439;0,003;"TML";"TONELADA METRICA LIQUIDA";0;"Sulfato de lítio"
"2018";"Lítio";"28342940";789;0,009;"TML";"TONELADA METRICA LIQUIDA";0;"Nitrato de litio"
"2018";"Magnésio";"25199010";39256387;28861381;"KGL";"QUILOGRAMA LIQUIDO";43,699;"Magnésia eletrofundida"
"2018";"Magnésio";"81041900";15734328;5522072;"KGL";"QUILOGRAMA LIQUIDO";17,515;"Outras formas brutas de magnésio"
"2018";"Magnésio";"81042000";9289673;4977250;"KGL";"QUILOGRAMA LIQUIDO";10,341;"Desperdícios e resíduos, de magnésio"
"2018";"Magnésio";"25199090";8937871;10791656;"KGL";"QUILOGRAMA LIQUIDO";9,949;"Magnésia calcinada a fundo e outros óxidos de magnésio"
"2018";"Magnésio";"81041100";7220249;2062645;"KGL";"QUILOGRAMA LIQUIDO";8,037;"Magnésio em formas brutas, que contenha pelo menos 99,8 %, em peso, de magnésio"
"2018";"Magnésio";"28332100";3423216;13456178;"KGL";"QUILOGRAMA LIQUIDO";3,811;"Sulfato de magnésio"
"2018";"Magnésio";"81043000";2466929;670061;"KGL";"QUILOGRAMA LIQUIDO";2,746;"Aparas, resíduos de torno e grânulos, calibrados; pós, de magnésio"
"2018";"Magnésio";"28161010";1044863;333396;"KGL";"QUILOGRAMA LIQUIDO";1,163;"Hidróxido de magnésio"
"2018";"Magnésio";"38160011";708666;1030989;"KGL";"QUILOGRAMA LIQUIDO";0,789;"Cimento/argamassa, a base de magnesita calcinada, refratrário"
"2018";"Magnésio";"28419082";567583;390400;"KGL";"QUILOGRAMA LIQUIDO";0,632;"Aluminato de magnésio"
"2018";"Manganês";"38089293";135695267;36513,16;"TML";"TONELADA METRICA LIQUIDA";45,019;"Fungicida à base de mancozeb ou de maneb"
"2018";"Manganês";"72021900";41669380;22571,107;"TML";"TONELADA METRICA LIQUIDA";13,824;"Outras ligas de ferro-manganês"
"2018";"Manganês";"85061010";33618725;139158027;"UNID.";"NUMERO (UNIDADE)";11,154;"Pilhas alcalinas, de dióxido de manganês"
"2018";"Manganês";"81110010";27523941;12181,72;"TML";"TONELADA METRICA LIQUIDA";9,131;"Manganês em bruto"
"2018";"Manganês";"81110090";13308784;5492,921;"TML";"TONELADA METRICA LIQUIDA";4,415;"Outras obras de manganês, desperdícios e resíduos de manganês"
"2018";"Manganês";"72021100";10166379;8301,183;"TML";"TONELADA METRICA LIQUIDA";3,373;"Ferro-manganês, que contenham, em peso, mais de 2 % de carbono"
"2018";"Manganês";"26020090";10076786;39703,03;"TML";"TONELADA METRICA LIQUIDA";3,343;"Outros minérios de manganês e seus concentrados, incluindo os minérios de manganês ferruginosos e seus concentrados, de teor em manganês de 20 % ou mais, em peso, sobre o produto seco"
"2018";"Manganês";"81110020";8637586;3785,741;"TML";"TONELADA METRICA LIQUIDA";2,866;"Chapas, folhas, tiras, fios, hastes, pastilhas e plaquetas, de manganês"
"2018";"Manganês";"72023000";7923855;7161,041;"TML";"TONELADA METRICA LIQUIDA";2,629;"Ferro-silício-manganês"
"2018";"Manganês";"85061020";5008794;203413508;"UNID.";"NUMERO (UNIDADE)";1,662;"Outras pilhas, de dióxido de manganês"
"2018";"Materiais Radioativos";"28442000";17770763;9123;"KGL";"QUILOGRAMA LIQUIDO";38,693;"Urânio enriquecido em U235 e seus compostos; plutônio e seus compostos; ligas, dispersões (incluindo os ceramais (cermets)), produtos cerâmicos e misturas que contenham urânio enriquecido em U235, plutônio ou compostos destes produtos"
"2018";"Materiais Radioativos";"28444010";12919164;0;"KGL";"QUILOGRAMA LIQUIDO";28,129;"Molibdênio 99 absorvido em alumina, apto para a obtenção de Tecnécio 99 (reativo de diagnóstico para medicina nuclear)"
"2018";"Materiais Radioativos";"28444090";10485991;4739;"KGL";"QUILOGRAMA LIQUIDO";22,832;"Outros elementos, isotopos e compostos, radioativos, etc."
"2018";"Materiais Radioativos";"28444020";2101274;598;"KGL";"QUILOGRAMA LIQUIDO";4,575;"Cobalto 60"
"2018";"Materiais Radioativos";"84013000";1767440;506;"KGL";"QUILOGRAMA LIQUIDO";3,848;"Elementos combustíveis (cartuchos) não irradiados, para reatores nucleares"
"2018";"Materiais Radioativos";"28444030";863473;0;"KGL";"QUILOGRAMA LIQUIDO";1,88;"Iodo 131"
"2018";"Materiais Radioativos";"32065019";14876;343;"KGL";"QUILOGRAMA LIQUIDO";0,032;"Outros produtos inorgânicos utilizados em luminóforos, com substância radioativa"
"2018";"Materiais Radioativos";"28273992";4630;7;"KGL";"QUILOGRAMA LIQUIDO";0,01;"Cloreto de césio"
"2018";"Mercúrio";"28054000";1113319;21218;"KGL";"QUILOGRAMA LIQUIDO";91,386;"Mercúrio"
"2018";"Mercúrio";"28521019";58508;270;"KGL";"QUILOGRAMA LIQUIDO";4,803;"Outros compostos inorgânicos de mercúrio"
"2018";"Mercúrio";"85063010";19649;2;"UNID.";"NUMERO (UNIDADE)";1,613;"Pilhas e baterias de pilhas, de óxido de mercúrio, com volume exterior não superior a 300 cm3"
"2018";"Mercúrio";"28521014";14138;77;"KGL";"QUILOGRAMA LIQUIDO";1,161;"Cloreto de mercúrio ii (cloreto mercúrico), em outro modo"
"2018";"Mercúrio";"85063090";6523;129;"UNID.";"NUMERO (UNIDADE)";0,535;"Outras pilhas e baterias de pilhas, de óxido de mercúrio"
"2018";"Mercúrio";"28521011";4730;27;"KGL";"QUILOGRAMA LIQUIDO";0,388;"Óxidos de mercúrio, inorgânicos"
"2018";"Mercúrio";"28521012";1115;9;"KGL";"QUILOGRAMA LIQUIDO";0,092;"Cloreto de mercúrio i (cloreto mercuroso)"
"2018";"Mercúrio";"28529000";276;0;"KGL";"QUILOGRAMA LIQUIDO";0,023;"Outros compostos de mercúrio"
"2018";"Metais Preciosos - Diversos";"38151210";108241894;1208518;"KGL";"QUILOGRAMA LIQUIDO";40,016;"Catalisadores em suporte, tendo como substância ativa um metal precioso ou um composto de metal precioso, em colméia cerâmica ou metálica para conversão catalítica de gases de escape de veículos"
"2018";"Metais Preciosos - Diversos";"38151900";91416228;2627260;"KGL";"QUILOGRAMA LIQUIDO";33,795;"Outros catalizadores em suporte"
"2018";"Metais Preciosos - Diversos";"38151220";24555476;22633;"KGL";"QUILOGRAMA LIQUIDO";9,078;"Catalisadores em suporte, tendo como substância ativa um metal precioso ou um composto de metal precioso, com tamanho de partícula inferior a 500 micrômetros (mícrons)"
"2018";"Metais Preciosos - Diversos";"38151290";17485561;182945;"KGL";"QUILOGRAMA LIQUIDO";6,464;"Outros catalisadores, tendo substância ativa metal precioso"
"2018";"Metais Preciosos - Diversos";"71131900";13731037;1917;"KGL";"QUILOGRAMA LIQUIDO";5,076;"Artefatos de joalharia, de outros metais preciosos, mesmo revestidos, folheados ou chapeados de metais preciosos (plaquê)"
"2018";"Metais Preciosos - Diversos";"28439090";7841218;2031;"KGL";"QUILOGRAMA LIQUIDO";2,899;"Outros compostos inorgânicos/orgânicos, amálgamas, de metais preciosos"
"2018";"Metais Preciosos - Diversos";"91012100";3491748;400;"UNID.";"NUMERO (UNIDADE)";1,291;"Outros relógios de pulso, mesmo com contador de tempo incorporado, com caixa de metal precioso, de corda automática"
"2018";"Metais Preciosos - Diversos";"83062100";928313;137442;"KGL";"QUILOGRAMA LIQUIDO";0,343;"Estatuetas/objetos de ornamentação, de metais comuns, folheado, prateados, dourados ou platinados"
"2018";"Metais Preciosos - Diversos";"91011100";672960;6849;"UNID.";"NUMERO (UNIDADE)";0,249;"Relógios de pulso, com caixa de metais preciosos, funcionando eletricamente, mesmo com contador de tempo incorporado, de mostrador exclusivamente mecânico"
"2018";"Metais Preciosos - Diversos";"71132000";615471;18657;"KGL";"QUILOGRAMA LIQUIDO";0,228;"Artefatos de joalharia, de metais comuns folheados ou chapeados de metais preciosos (plaquê)"
"2018";"Mica";"68141000";3889313;282446;"KGL";"QUILOGRAMA LIQUIDO";60,626;"Placas, folhas ou tiras, de mica aglomerada ou reconstituída, mesmo com suporte"
"2018";"Mica";"25252000";1692484;1756705;"KGL";"QUILOGRAMA LIQUIDO";26,382;"Mica em pó"
"2018";"Mica";"68149000";663479;79332;"KGL";"QUILOGRAMA LIQUIDO";10,342;"Outras obras de mica ou mica trabalhada"
"2018";"Mica";"25251000";169912;94135;"KGL";"QUILOGRAMA LIQUIDO";2,649;"Mica em bruto ou clivada em folhas ou lamelas irregulares (splittings)"
"2018";"Mica";"25253000";64;1;"KGL";"QUILOGRAMA LIQUIDO";0,001;"Desperdícios de mica"
"2018";"Minerais Abrasivos - Diversos";"68042211";37439933;8517182;"KGL";"QUILOGRAMA LIQUIDO";27,128;"Mós de outros abrasivos aglomerados ou de cerâmica, de diâmetro inferior a 53,34 cm, aglomerados com resina"
"2018";"Minerais Abrasivos - Diversos";"68042290";26224216;4616014;"KGL";"QUILOGRAMA LIQUIDO";19,001;"Outros mós de outros abrasivos aglomerados ou de cerâmica"
"2018";"Minerais Abrasivos - Diversos";"68052000";20684227;3140155;"KGL";"QUILOGRAMA LIQUIDO";14,987;"Abrasivos naturais ou artificiais, em pó ou em grãos, aplicados sobre matérias têxteis, papel, cartão ou outras matérias, mesmo recortados, costurados ou reunidos de outro modo, aplicados apenas sobre papel ou cartão"
"2018";"Minerais Abrasivos - Diversos";"68051000";19187203;3133321;"KGL";"QUILOGRAMA LIQUIDO";13,902;"Abrasivos naturais ou artificiais, em pó ou em grãos, aplicados sobre matérias têxteis, papel, cartão ou outras matérias, mesmo recortados, costurados ou reunidos de outro modo, aplicados apenas sobre tecidos de matérias têxteis"
"2018";"Minerais Abrasivos - Diversos";"68053090";15465027;1828161;"KGL";"QUILOGRAMA LIQUIDO";11,205;"Outros abrasivos naturais/artificiais em pó/grãos aplicados sobre outras matérias têxteis"
"2018";"Minerais Abrasivos - Diversos";"68042219";8269765;1758172;"KGL";"QUILOGRAMA LIQUIDO";5,992;"Outros mós de outros abrasivos aglomerados ou de cerâmica, de diâmetro inferior a 53,34 cm"
"2018";"Minerais Abrasivos - Diversos";"68053020";4168130;574608;"KGL";"QUILOGRAMA LIQUIDO";3,02;"Discos abrasivos de fibra vulcanizada, recobertos com óxido de alumínio ou carboneto de silício"
"2018";"Minerais Abrasivos - Diversos";"25132000";2943605;10716350;"KGL";"QUILOGRAMA LIQUIDO";2,133;"Esmeril, corindo natural, granada natural e outros abrasivos naturais"
"2018";"Minerais Abrasivos - Diversos";"68053010";1703873;144630;"KGL";"QUILOGRAMA LIQUIDO";1,235;"Abrasivos naturais ou artificiais, com suporte de papel ou cartão combinados com matérias têxteis"
"2018";"Minerais Abrasivos - Diversos";"68043000";1038166;670756;"KGL";"QUILOGRAMA LIQUIDO";0,752;"Pedras para amolar ou para polir, manualmente"
"2018";"Minerais Abrasivos - Outros";"25131000";119589;206210;"KGL";"QUILOGRAMA LIQUIDO";100;"Pedra-pomes; esmerilhado/outros abrasivos naturais tratamento térmico"
"2018";"Minerais Metálicos - Diversos";"94019090";328986799;58997583;"KGL";"QUILOGRAMA LIQUIDO";12,852;"Partes para assentos, de outras matérias"
"2018";"Minerais Metálicos - Diversos";"84807100";159592289;371724;"UNID.";"NUMERO (UNIDADE)";6,235;"Moldes para borracha ou plásticos, para moldagem por injeção ou por compressão"
"2018";"Minerais Metálicos - Diversos";"82073000";120042672;8864201;"KGL";"QUILOGRAMA LIQUIDO";4,69;"Ferramentas de embutir, de estampar ou de puncionar"
"2018";"Minerais Metálicos - Diversos";"83012000";111169515;6578145;"KGL";"QUILOGRAMA LIQUIDO";4,343;"Fechaduras dos tipos utilizados em veículos automóveis, de metais comuns"
"2018";"Minerais Metálicos - Diversos";"83023000";104023276;14623914;"KGL";"QUILOGRAMA LIQUIDO";4,064;"Outras guarnições, ferragens e artigos semelhantes, para veículos automóveis, de metais comuns"
"2018";"Minerais Metálicos - Diversos";"83024200";83889442;48074555;"KGL";"QUILOGRAMA LIQUIDO";3,277;"Outras guarnições, ferragens e artigos semelhantes, para móveis, de metais comuns"
"2018";"Minerais Metálicos - Diversos";"94051093";81359110;17310397;"KGL";"QUILOGRAMA LIQUIDO";3,178;"Lustres e aparelhos iluminadores elétricos, de metal comum, para teto/parede"
"2018";"Minerais Metálicos - Diversos";"83021000";71815785;15068650;"KGL";"QUILOGRAMA LIQUIDO";2,806;"Dobradiças de qualquer tipo (incluindo os gonzos e as charneiras), de metais comuns"
"2018";"Minerais Metálicos - Diversos";"83099000";61140096;12172680;"KGL";"QUILOGRAMA LIQUIDO";2,389;"Rolhas, outras tampas e acessórios para embalagem, de metais comuns"
"2018";"Minerais Metálicos - Diversos";"94013090";54896031;2245837;"UNID.";"NUMERO (UNIDADE)";2,145;"Assentos giratórios de altura ajustável, de outras matérias"
"2018";"Minerais Metálicos - Outros";"26179000";104944;1052;"KGL";"QUILOGRAMA LIQUIDO";69,466;"Outros minérios e seus concentrados"
"2018";"Minerais Metálicos - Outros";"28051990";46129;9054;"KGL";"QUILOGRAMA LIQUIDO";30,534;"Outros metais alcalinos ou alcalinoterrosos"
"2018";"Minerais Refratários - Diversos";"69032090";21899838;4868679;"KGL";"QUILOGRAMA LIQUIDO";28,314;"Outros produtos cerâmicos refratários, que contenham, em peso, mais de 50 % de alumina (Al2O3) ou de uma mistura ou combinação de alumina e sílica (SiO2)"
"2018";"Minerais Refratários - Diversos";"69021018";16207636;8996854;"KGL";"QUILOGRAMA LIQUIDO";20,955;"Outros tijolos refratários magnesianos ou à base de óxido de cromo"
"2018";"Minerais Refratários - Diversos";"69022099";9000565;1807403;"KGL";"QUILOGRAMA LIQUIDO";11,637;"Outras peças cerâmicas refratária, que contenham, em peso, mais de 50 % de alumina (Al2O3), de sílica (SiO2) ou de uma mistura ou combinação destes produtos"
"2018";"Minerais Refratários - Diversos";"69021090";8075577;8977246;"KGL";"QUILOGRAMA LIQUIDO";10,441;"Outras peças cerâmicas refratárias, que contenham, em peso, mais de 50 % dos elementos Mg, Ca ou Cr, tomados isoladamente ou em conjunto, expressos em MgO, CaO ou Cr2O3"
"2018";"Minerais Refratários - Diversos";"68159110";6401219;7488820;"KGL";"QUILOGRAMA LIQUIDO";8,276;"Obras que contenham magnesita, dolomita ou cromita, crus, aglomerados com aglutinante químico"
"2018";"Minerais Refratários - Diversos";"69022010";5193582;5980051;"KGL";"QUILOGRAMA LIQUIDO";6,715;"Tijolos sílico-aluminosos, refratrários"
"2018";"Minerais Refratários - Diversos";"69032030";3265397;521315;"KGL";"QUILOGRAMA LIQUIDO";4,222;"Tubos refratrários, que contenham, em peso, mais de 50 % de alumina (Al2O3) ou de uma mistura ou combinação de alumina e sílica (SiO2)"
"2018";"Minerais Refratários - Diversos";"38160029";2784752;647921;"KGL";"QUILOGRAMA LIQUIDO";3,6;"Outras preparações à base de cromo-magnesita, etc, refratárias"
"2018";"Minerais Refratários - Diversos";"69022091";1923263;2394226;"KGL";"QUILOGRAMA LIQUIDO";2,487;"Outras peças cerâmicas refratárias silico-aluminosos"
"2018";"Minerais Refratários - Diversos";"68159190";1173471;1290857;"KGL";"QUILOGRAMA LIQUIDO";1,517;"Outras obras contendo magnesita, dolomita ou cromita"
"2018";"Minerais Refratários - Outros";"25086000";1034467;610863;"KGL";"QUILOGRAMA LIQUIDO";29,936;"Mulita"
"2018";"Minerais Refratários - Outros";"69022093";965183;331707;"KGL";"QUILOGRAMA LIQUIDO";27,931;"Outras peças cerâmicas refratárias de silimanita"
"2018";"Minerais Refratários - Outros";"25085000";819478;1632555;"KGL";"QUILOGRAMA LIQUIDO";23,715;"Andaluzita, cianita e silimanita"
"2018";"Minerais Refratários - Outros";"38160012";636454;260061;"KGL";"QUILOGRAMA LIQUIDO";18,418;"Cimento e argamassa, à base de silimanita, refratrários"
"2018";"Molibdênio";"26131010";95587531;6284000;"KGL";"QUILOGRAMA LIQUIDO";72,288;"Molibdenita ustulada (minérios de molibdênio)"
"2018";"Molibdênio";"72027000";24441821;1326298;"KGL";"QUILOGRAMA LIQUIDO";18,484;"Ferro-molibdênio"
"2018";"Molibdênio";"28309011";2856676;136727;"KGL";"QUILOGRAMA LIQUIDO";2,16;"Sulfetos de molibdênio iv (dissulfeto de molibdênio)"
"2018";"Molibdênio";"26131090";2169637;1834183;"KGL";"QUILOGRAMA LIQUIDO";1,641;"Outros minérios de molibdênio, ustulados, seus concentrados"
"2018";"Molibdênio";"81029400";2170199;60734;"KGL";"QUILOGRAMA LIQUIDO";1,641;"Molibdênio em formas brutas, incluindo as barras simplesmente obtidas por sinterização"
"2018";"Molibdênio";"81029900";1247595;71441;"KGL";"QUILOGRAMA LIQUIDO";0,943;"Outras obras de molibdênio"
"2018";"Molibdênio";"81021000";924436;20332;"KGL";"QUILOGRAMA LIQUIDO";0,699;"Pós de molibdênio"
"2018";"Molibdênio";"81029700";911938;114381;"KGL";"QUILOGRAMA LIQUIDO";0,69;"Desperdícios e resíduos de molibdênio"
"2018";"Molibdênio";"28257010";841823;38500;"KGL";"QUILOGRAMA LIQUIDO";0,637;"Trióxido de molibdênio"
"2018";"Molibdênio";"81029600";840077;17052;"KGL";"QUILOGRAMA LIQUIDO";0,635;"Fios de molibdênio"
"2018";"Nióbio";"72029300";2197;0,004;"TML";"TONELADA METRICA LIQUIDA";100;"Ferro-nióbio"
"2018";"Níquel";"75021010";72508338;196630;"TML";"TONELADA METRICA LIQUIDA";38,825;"Catodos de niquel não ligado, em formas brutas"
"2018";"Níquel";"75089090";25450400;143,587;"TML";"TONELADA METRICA LIQUIDA";13,628;"Outras obras de níquel"
"2018";"Níquel";"38151100";15372030;1236,614;"TML";"TONELADA METRICA LIQUIDA";8,231;"Catalisadores em suporte, tendo como substância ativa o níquel ou um composto de níquel"
"2018";"Níquel";"75040010";10510593;641,551;"TML";"TONELADA METRICA LIQUIDA";5,628;"Pós e escamas, de níquel não ligado"
"2018";"Níquel";"75071200";9003934;319,679;"TML";"TONELADA METRICA LIQUIDA";4,821;"Tubos de ligas de níquel"
"2018";"Níquel";"75021090";7459172;51857;"TML";"TONELADA METRICA LIQUIDA";3,994;"Outro niquel não ligado, em formas brutas"
"2018";"Níquel";"75052200";7246229;235,507;"TML";"TONELADA METRICA LIQUIDA";3,88;"Fios de ligas de níquel"
"2018";"Níquel";"85073019";6300556;29862;"UNID.";"NUMERO (UNIDADE)";3,374;"Outros acumuladores elétricos, de níquel-cádmio, peso <= 2500 kg"
"2018";"Níquel";"75072000";5428161;19,341;"TML";"TONELADA METRICA LIQUIDA";2,907;"Acessórios para tubos de níquel (por exemplo, uniões, cotovelos, luvas)"
"2018";"Níquel";"85075000";4984244;5408134;"UNID.";"NUMERO (UNIDADE)";2,669;"Acumuladores elétricos de niquel-hidreto metálico"
"2018";"Ouro";"71081310";3241656;114;"KGL";"QUILOGRAMA LIQUIDO";57,856;"Ouro em barras, fios e perfis de seção maciça"
"2018";"Ouro";"71081290";1863182;755;"KGL";"QUILOGRAMA LIQUIDO";33,253;"Ouro em outras formas brutas, para uso não monetário"
"2018";"Ouro";"28433090";286387;60;"KGL";"QUILOGRAMA LIQUIDO";5,111;"Outros compostos de ouro, exclusivamente auranofina, etc."
"2018";"Ouro";"71081390";208981;92;"KGL";"QUILOGRAMA LIQUIDO";3,73;"Ouro em outras formas semimanufaturadas, bulhão dourado, uso não monetário"
"2018";"Ouro";"71081100";2783;0;"KGL";"QUILOGRAMA LIQUIDO";0,05;"Pós de ouro (incluindo o ouro platinado), para usos não monetários"
"2018";"Paládio";"71102100";272279917;8331;"KGL";"QUILOGRAMA LIQUIDO";99,945;"Paládio em formas brutas ou em pó"
"2018";"Paládio";"71102900";148740;6;"KGL";"QUILOGRAMA LIQUIDO";0,055;"Paladio em formas semimanufaturadas"
"2018";"Perlita";"25301010";2239079;24942084;"KGL";"QUILOGRAMA LIQUIDO";100;"Perlita não expandida"
"2018";"Platina";"71101100";58726187;2032;"KGL";"QUILOGRAMA LIQUIDO";98,274;"Platina, em formas brutas ou em pó"
"2018";"Platina";"71101910";942135;25;"KGL";"QUILOGRAMA LIQUIDO";1,577;"Platina, em barras, fios e perfis de seção maciça"
"2018";"Platina";"71101990";76983;3;"KGL";"QUILOGRAMA LIQUIDO";0,129;"Platina, em outras formas semimanufaturadas"
"2018";"Platina";"28439019";8004;0;"KGL";"QUILOGRAMA LIQUIDO";0,013;"Dexormaplatina; enloplatina; iproplatina; lobaplatina; miboplatina; ormaplatina; sebriplatina e zeniplatina, apresentadas de outra forma"
"2018";"Platina";"91144000";4142;0;"KGL";"QUILOGRAMA LIQUIDO";0,007;"Platinas e pontes para artigos de relojoaria"
"2018";"Platina (Grupo) - Diversos";"71104100";33226;6;"KGL";"QUILOGRAMA LIQUIDO";94,918;"Irídio, ósmio e rutênio, em formas brutas ou em pó"
"2018";"Platina (Grupo) - Diversos";"71104900";1779;3;"KGL";"QUILOGRAMA LIQUIDO";5,082;"Irídio, ósmio e rutênio, em formas semimanufaturadas"
"2018";"Potássio";"31042090";3095276682;10507256,288;"TML";"TONELADA METRICA LIQUIDA";96,439;"Outros cloretos de potássio"
"2018";"Potássio";"31059090";44973478;33713,507;"TML";"TONELADA METRICA LIQUIDA";1,401;"Outros adubos/fertilizantes minerais químicos com nitrogênio e potássio"
"2018";"Potássio";"31049090";19203931;100729,761;"TML";"TONELADA METRICA LIQUIDA";0,598;"Outros adubos ou fertilizantes minerais/químicos, potássicos"
"2018";"Potássio";"31043010";14123901;29721,459;"TML";"TONELADA METRICA LIQUIDA";0,44;"Sulfato de potássio, com teor de óxido de potássio (K2O) não superior a 52 %, em peso"
"2018";"Potássio";"28152000";12062895;16466,33;"TML";"TONELADA METRICA LIQUIDA";0,376;"Hidróxido de potássio (potassa cáustica)"
"2018";"Potássio";"28364000";4393240;6138,641;"TML";"TONELADA METRICA LIQUIDA";0,137;"Carbonatos de potássio"
"2018";"Potássio";"31042010";4384020;13630,064;"TML";"TONELADA METRICA LIQUIDA";0,137;"Cloreto de potássio, com teor de óxido de potássio (K2O) não superior a 60 %, em peso"
"2018";"Potássio";"28342190";3370047;3549,593;"TML";"TONELADA METRICA LIQUIDA";0,105;"Outros nitratos de potássio"
"2018";"Potássio";"28352400";2615998;1687,721;"TML";"TONELADA METRICA LIQUIDA";0,082;"Fosfato de potássio"
"2018";"Potássio";"28416100";2544014;1019,402;"TML";"TONELADA METRICA LIQUIDA";0,079;"Permanganato de potássio"
"2018";"Prata";"71069100";86960211;173,395;"TML";"TONELADA METRICA LIQUIDA";67,021;"Prata, em formas brutas"
"2018";"Prata";"71131100";29424288;15,348;"TML";"TONELADA METRICA LIQUIDA";22,677;"Artefatos de joalharia, de prata, mesmo revestida, folheada ou chapeada de outros metais preciosos (plaquê)"
"2018";"Prata";"28432100";4453346;14,747;"TML";"TONELADA METRICA LIQUIDA";3,432;"Nitrato de prata"
"2018";"Prata";"71069290";3991262;5,983;"TML";"TONELADA METRICA LIQUIDA";3,076;"Prata, em outras formas semimanufaturadas"
"2018";"Prata";"71069210";2043321;5,454;"TML";"TONELADA METRICA LIQUIDA";1,575;"Prata,em barras, fios e perfis de seção maciça"
"2018";"Prata";"85064010";1361755;9315563;"UNID.";"NUMERO (UNIDADE)";1,05;"Pilhas e baterias de pilhas, de óxido de prata, com volume exterior não superior a 300 cm3"
"2018";"Prata";"71069220";557499;4,828;"TML";"TONELADA METRICA LIQUIDA";0,43;"Prata, em chapas, lâminas, folhas e tiras"
"2018";"Prata";"37023200";513957;49028;"M2";"METRO QUADRADO";0,396;"Outros filmes, não perfurados, de largura não superior a 105 mm, que contenham uma emulsão de halogenetos de prata"
"2018";"Prata";"28432990";244842;9,985;"TML";"TONELADA METRICA LIQUIDA";0,189;"Outros compostos de prata"
"2018";"Prata";"71070000";137940;0,658;"TML";"TONELADA METRICA LIQUIDA";0,106;"Metais comuns folheados ou chapeados (plaquê) de prata, em formas brutas ou semimanufaturadas"
"2018";"Quartzo (Cristal)";"85044021";122047127;32658829;"UNID.";"NUMERO (UNIDADE)";86,121;"Retificadores, exceto carregadores de acumuladores, de cristal (semicondutores)"
"2018";"Quartzo (Cristal)";"85416010";17563453;202768181;"UNID.";"NUMERO (UNIDADE)";12,393;"Cristais piezelétricos montados, de quartzo, de frequência superior ou igual a 1 MHz, mas inferior ou igual a 100 MHz"
"2018";"Quartzo (Cristal)";"25061000";1787273;5087536;"KGL";"QUILOGRAMA LIQUIDO";1,261;"Quartzo"
"2018";"Quartzo (Cristal)";"85181010";257106;1389270;"UNID.";"NUMERO (UNIDADE)";0,181;"Piezelétricos próprios para aparelhos telefônicos"
"2018";"Quartzo (Cristal)";"85182910";54388;2326033;"UNID.";"NUMERO (UNIDADE)";0,038;"Piezelétricos próprios para aparelhos telefônicos"
"2018";"Quartzo (Cristal)";"71041000";6108;15;"KGL";"QUILOGRAMA LIQUIDO";0,004;"Quartzo piezoelétrico"
"2018";"Rochas Betuminosas";"68071000";3472211;4220394;"KGL";"QUILOGRAMA LIQUIDO";41,566;"Obras de asfalto ou de produtos semelhantes (por exemplo, breu ou pez), em rolos"
"2018";"Rochas Betuminosas";"68079000";2620135;5608636;"KGL";"QUILOGRAMA LIQUIDO";31,366;"Outras obras de asfalto ou de produtos semelhantes (por exemplo, breu ou pez)"
"2018";"Rochas Betuminosas";"27150000";1875246;1058087;"KGL";"QUILOGRAMA LIQUIDO";22,449;"Misturas betuminosas à base de asfalto ou de betume naturais, de betume de petróleo, de alcatrão mineral ou de breu de alcatrão mineral (por exemplo, mástiques betuminosos e cut-backs)"
"2018";"Rochas Betuminosas";"48111090";224536;58736;"KGL";"QUILOGRAMA LIQUIDO";2,688;"Outros papéis e cartões de celulose, alcatroados, betumados ou asfaltados, em rolos ou em folhas de forma quadrada ou retangular"
"2018";"Rochas Betuminosas";"27149000";130411;134234;"KGL";"QUILOGRAMA LIQUIDO";1,561;"Betumes, asfaltos naturais, asfaltitas, rochas asfálticas"
"2018";"Rochas Betuminosas";"48111010";30931;2960;"KGL";"QUILOGRAMA LIQUIDO";0,37;"Papel e cartão de celulose, alcatroados, betumados ou asfaltados, em tiras ou rolos de largura não superior a 15 cm ou em folhas em que nenhum lado exceda 360 mm, quando não dobradas, em rolos ou em folhas de forma quadrada ou retangular"
"2018";"Rochas Britadas e Cascalho";"25174100";2499178;60288829;"KGL";"QUILOGRAMA LIQUIDO";85,314;"Grânulos, lascas e pós, das pedras das posições 25.15 ou 25.16, mesmo tratados termicamente, de mármore"
"2018";"Rochas Britadas e Cascalho";"25174900";213682;697256;"KGL";"QUILOGRAMA LIQUIDO";7,294;"Grânulos, lascas e pós, das pedras das posições 25.15 ou 25.16, mesmo tratados termicamente, de outras pedras de cantaria"
"2018";"Rochas Britadas e Cascalho";"25171000";209097;26145387;"KGL";"QUILOGRAMA LIQUIDO";7,138;"Calhaus, cascalho, pedras britadas, dos tipos geralmente usados em concreto ou para empedramento de estradas, de vias férreas ou outros balastros, seixos rolados e sílex, mesmo tratados termicamente"
"2018";"Rochas Britadas e Cascalho";"25173000";7439;17181;"KGL";"QUILOGRAMA LIQUIDO";0,254;"Tarmacadame"
"2018";"Rochas e Minerais Industriais - Diversos";"85416090";83490256;699259837;"UNID.";"NUMERO (UNIDADE)";37,397;"Outros cristais piezoelétricos montados"
"2018";"Rochas e Minerais Industriais - Diversos";"38249979";40337815;14100179;"KGL";"QUILOGRAMA LIQUIDO";18,068;"Outros produtos e preparações à base de elementos químicos ou de seus compostos inorgânicos, não especificados nem compreendidos noutras posições"
"2018";"Rochas e Minerais Industriais - Diversos";"31051000";26181871;7029495;"KGL";"QUILOGRAMA LIQUIDO";11,727;"Produtos do presente Capítulo (adubos ou fertilizantes) apresentados em tabletes ou formas semelhantes, ou ainda em embalagens com peso bruto não superior a 10 kg"
"2018";"Rochas e Minerais Industriais - Diversos";"32071090";25447094;3387343;"KGL";"QUILOGRAMA LIQUIDO";11,398;"Outros pigmentos, opacificantes/cores, preparados e preparações"
"2018";"Rochas e Minerais Industriais - Diversos";"94069090";9295963;1854811;"KGL";"QUILOGRAMA LIQUIDO";4,164;"Outras construções pré-fabricadas, exceto de madeira"
"2018";"Rochas e Minerais Industriais - Diversos";"38244000";7185559;4317595;"KGL";"QUILOGRAMA LIQUIDO";3,219;"Aditivos preparados para cimentos, argamassas ou concretos"
"2018";"Rochas e Minerais Industriais - Diversos";"68159990";5884186;2345556;"KGL";"QUILOGRAMA LIQUIDO";2,636;"Outras obras de pedras ou de outras matérias minerais"
"2018";"Rochas e Minerais Industriais - Diversos";"25309090";5527741;13042139;"KGL";"QUILOGRAMA LIQUIDO";2,476;"Outras matérias minerais"
"2018";"Rochas e Minerais Industriais - Diversos";"28500090";4863350;2804339;"KGL";"QUILOGRAMA LIQUIDO";2,178;"Hidretos, azidas, boretos e outros nitretos e silicietos"
"2018";"Rochas e Minerais Industriais - Diversos";"38249978";3592286;658927;"KGL";"QUILOGRAMA LIQUIDO";1,609;"Preparações à base de óxido de alumínio e óxido de zircônio, com um conteúdo de óxido de zircônio igual ou superior a 20 %, em peso"
"2018";"Rochas e Minerais Industriais - Outros";"28369920";5280929;8400790;"KGL";"QUILOGRAMA LIQUIDO";48,224;"Peroxocarbonatos (percarbonatos)"
"2018";"Rochas e Minerais Industriais - Outros";"28369919";5254038;4391229;"KGL";"QUILOGRAMA LIQUIDO";47,979;"Outros carbonatos"
"2018";"Rochas e Minerais Industriais - Outros";"28421010";280316;101347;"KGL";"QUILOGRAMA LIQUIDO";2,56;"Zeólitas dos tipos utilizados como trocadores de íons para o tratamento de águas"
"2018";"Rochas e Minerais Industriais - Outros";"25293000";128161;241490;"KGL";"QUILOGRAMA LIQUIDO";1,17;"Leucita; nefelina e nefelina-sienito"
"2018";"Rochas e Minerais Industriais - Outros";"85229010";7343;12;"KGL";"QUILOGRAMA LIQUIDO";0,067;"Agulhas com ponta de pedra preciosa, para aparelhos de reprodução"
"2018";"Rochas Ornamentais";"68029100";12095293;20456,753;"TML";"TONELADA METRICA LIQUIDA";40,155;"Mármore, travertino e alabastro, trabalhado de outro modo, e obras"
"2018";"Rochas Ornamentais";"25151220";6070304;763920;"M3";"METRO CUBICO";20,153;"Travertinos, simplesmente cortados a serra ou por outro meio, em blocos ou placas de forma quadrada ou retangular"
"2018";"Rochas Ornamentais";"68022100";4064364;465483;"M2";"METRO QUADRADO";13,493;"Mármore, travertino e alabastro, simplesmente talhados ou serrados, de superfície plana ou lisa"
"2018";"Rochas Ornamentais";"68022900";2216595;419017;"M2";"METRO QUADRADO";7,359;"Outras pedras de cantaria, simplesmente talhadas ou serradas, de superfície plana ou lisa"
"2018";"Rochas Ornamentais";"68021000";1009157;890,087;"TML";"TONELADA METRICA LIQUIDA";3,35;"Ladrilhos, cubos, pastilhas e artigos semelhantes, mesmo de forma diferente da quadrada ou retangular, cuja maior superfície possa ser inscrita num quadrado de lado inferior a 7 cm; grânulos, fragmentos e pós, corados artificialmente"
"2018";"Rochas Ornamentais";"25151210";892677;58296;"M3";"METRO CUBICO";2,964;"Mármores, simplesmente cortados a serra ou por outro meio, em blocos ou placas de forma quadrada ou retangular"
"2018";"Rochas Ornamentais";"68029200";723972;1088,644;"TML";"TONELADA METRICA LIQUIDA";2,404;"Outras pedras calcárias, trabalhadas de outro modo e obras"
"2018";"Rochas Ornamentais";"25169000";615854;1081,646;"TML";"TONELADA METRICA LIQUIDA";2,045;"Outras pedras de cantaria ou de construção"
"2018";"Rochas Ornamentais";"68029990";408286;418,78;"TML";"TONELADA METRICA LIQUIDA";1,355;"Outras pedras de cantaria, etc, trabalhadas de outro modo e obra"
"2018";"Rochas Ornamentais";"68010000";397891;687,916;"TML";"TONELADA METRICA LIQUIDA";1,321;"Pedras para calcetar, meios-fios e placas (lajes) para pavimentação, de pedra natural (exceto a ardósia)"
"2018";"Ródio";"71103100";53891993;814;"KGL";"QUILOGRAMA LIQUIDO";99,913;"Ródio em formas brutas ou em pó"
"2018";"Ródio";"71103900";46907;23;"KGL";"QUILOGRAMA LIQUIDO";0,087;"Ródio em formas semimanufaturadas"
"2018";"Rutênio";"28439020";905392;148;"KGL";"QUILOGRAMA LIQUIDO";100;"Tricloreto de rutênio em solução aquosa com uma concentração igual ou superior a 17 %, mas inferior ou igual a 27 %, em peso"
"2018";"Sal";"28151200";614589920;2002128197;"KGL";"QUILOGRAMA LIQUIDO";51,533;"Hidróxido de sódio (soda cáustica), em solução aquosa (lixívia de soda cáustica)"
"2018";"Sal";"28362010";277853872;1388002451;"KGL";"QUILOGRAMA LIQUIDO";23,298;"Carbonato dissódico anidro"
"2018";"Sal";"28331110";95872549;938016288;"KGL";"QUILOGRAMA LIQUIDO";8,039;"Sulfato dissódico anidro"
"2018";"Sal";"28151100";21660551;27985558;"KGL";"QUILOGRAMA LIQUIDO";1,816;"Hidróxido de sódio (soda cáustica), sólido"
"2018";"Sal";"31059019";15818396;35814141;"KGL";"QUILOGRAMA LIQUIDO";1,326;"Outros nitratos de sódio potássico"
"2018";"Sal";"25010019";13838872;788422883;"KGL";"QUILOGRAMA LIQUIDO";1,16;"Outros tipos de sal a granel, sem agregados"
"2018";"Sal";"28289020";13833036;11614138;"KGL";"QUILOGRAMA LIQUIDO";1,16;"Clorito de sódio"
"2018";"Sal";"28353110";12870538;12190225;"KGL";"QUILOGRAMA LIQUIDO";1,079;"Trifosfato de sódio (tripolifosfato de sódio), grau alimentício, de acordo com o estabelecido pela Food and Agriculture Organization - Organização Mundial da Saúde (FAO - OMS) ou pelo Food Chemical Codex (FCC)"
"2018";"Sal";"28321090";12239025;20839081;"KGL";"QUILOGRAMA LIQUIDO";1,026;"Outros sulfitos de sódio"
"2018";"Sal";"28301010";10345206;14889107;"KGL";"QUILOGRAMA LIQUIDO";0,867;"Sulfeto de dissódio"
"2018";"Selênio";"28049000";2141719;59152;"KGL";"QUILOGRAMA LIQUIDO";100;"Selênio"
"2018";"Silício";"70109090";54767673;32452314;"KGL";"QUILOGRAMA LIQUIDO";6,22;"Outros garrafões, garrafas, frascos, etc, de vidro"
"2018";"Silício";"70091000";53136263;4153041;"KGL";"QUILOGRAMA LIQUIDO";6,035;"Espelhos retrovisores para veículos"
"2018";"Silício";"39100019";42539213;9191108;"KGL";"QUILOGRAMA LIQUIDO";4,831;"Outros óleos silicones em formas primárias"
"2018";"Silício";"70134900";41208036;40035417;"KGL";"QUILOGRAMA LIQUIDO";4,68;"Outros objetos para serviços de mesa e cozinha, exceto aqueles citados anteriormente"
"2018";"Silício";"70199090";37547574;5785373;"KGL";"QUILOGRAMA LIQUIDO";4,264;"Outras fibras de vidro e suas obras"
"2018";"Silício";"39100021";35491193;8124702;"KGL";"QUILOGRAMA LIQUIDO";4,031;"Elastômeros de silicone, de vulcanização a quente"
"2018";"Silício";"39100011";26733177;10957567;"KGL";"QUILOGRAMA LIQUIDO";3,036;"Misturas de pre-polímeros lineares, etc.(silicone óleo)"
"2018";"Silício";"28112210";26601364;22450057;"KGL";"QUILOGRAMA LIQUIDO";3,021;"Dióxido de silício obtido por precipitação química"
"2018";"Silício";"70052100";22691118;4103007;"M2";"METRO QUADRADO";2,577;"Outro vidro não armado, corado na massa, opacificado, folheado (chapeado) ou simplesmente desbastado, em chapas ou folhas"
"2018";"Silício";"70071900";19828570;3241397;"M2";"METRO QUADRADO";2,252;"Outros vidros de segurança, temperados"
"2018";"Talco";"25262000";8520360;20338189;"KGL";"QUILOGRAMA LIQUIDO";100;"Esteatita natural, mesmo desbastada ou simplesmente cortada a serra ou por outro meio, em blocos ou placas de forma quadrada ou retangular, triturada ou em pó e talco"
"2018";"Tálio";"81125900";53;0;"KGL";"QUILOGRAMA LIQUIDO";100;"Obras e outros produtos do tálio"
"2018";"Tântalo";"85322111";7383728;79834519;"UNID.";"NUMERO (UNIDADE)";92,315;"Condensador fixo elétrico, de tântalo, próprios para montagem em superfície (SMD - Surface Mounted Device), com tensão de isolação inferior ou igual a 125 V"
"2018";"Tântalo";"85322119";302655;1562901;"UNID.";"NUMERO (UNIDADE)";3,784;"Outros condensadores fixos elétricos, de tântalo, próprios para montagem em superfície (SMD - Surface Mounted Device)"
"2018";"Tântalo";"85322190";162325;1500757;"UNID.";"NUMERO (UNIDADE)";2,029;"Outros condensadores fixos eletrolítico, de tântalo"
"2018";"Tântalo";"81039000";131330;0,119;"TML";"TONELADA METRICA LIQUIDA";1,642;"Outras obras de tântalo"
"2018";"Tântalo";"85322120";9962;21625;"UNID.";"NUMERO (UNIDADE)";0,125;"Outros condensadores fixos eletrolítico, de tântalo, próprios para montagem por inserção (PHP - Pin Through Hole)"
"2018";"Tântalo";"28499020";7823;0,025;"TML";"TONELADA METRICA LIQUIDA";0,098;"Carbonetos de constituição química definida ou não, de tântalo"
"2018";"Tântalo";"81032000";586;0;"TML";"TONELADA METRICA LIQUIDA";0,007;"Tântalo em formas brutas, incluindo as barras simplesmente obtidas por sinterização; pós"
"2018";"Terras Raras";"28469090";4771692;1736,761;"TML";"TONELADA METRICA LIQUIDA";42,063;"Outros compostos dos metais das terras raras, de ítrio, etc"
"2018";"Terras Raras";"38159093";3477162;139,245;"TML";"TONELADA METRICA LIQUIDA";30,652;"Outras preparações catalíticas, tendo como substância ativa óxidos de terras raras"
"2018";"Terras Raras";"36069000";1310265;206,673;"TML";"TONELADA METRICA LIQUIDA";11,55;"Ferrocerio e outras ligas pirofosfóricas, artigo de material inflamável"
"2018";"Terras Raras";"28053010";921964;144,15;"TML";"TONELADA METRICA LIQUIDA";8,127;"Liga de cério, com teor de ferro inferior ou igual a 5 %, em peso (Mischmetal)"
"2018";"Terras Raras";"28461010";598848;54,61;"TML";"TONELADA METRICA LIQUIDA";5,279;"Óxido cérico"
"2018";"Terras Raras";"28461090";166023;19,439;"TML";"TONELADA METRICA LIQUIDA";1,464;"Outros compostos de cério"
"2018";"Terras Raras";"28053090";82343;10,518;"TML";"TONELADA METRICA LIQUIDA";0,726;"Outros metais de terras raras, escândio e ítrio"
"2018";"Terras Raras";"28469020";14363;1,071;"TML";"TONELADA METRICA LIQUIDA";0,127;"Cloretos dos demais metais das terras raras"
"2018";"Terras Raras";"28419015";1499;0,032;"TML";"TONELADA METRICA LIQUIDA";0,013;"Titanatos de lantânio ou de neodímio"
"2018";"Titânio";"32061110";322108224;116551,546;"TML";"TONELADA METRICA LIQUIDA";67,868;"Pigmentos tipo rutilo"
"2018";"Titânio";"81089000";43980166;392,027;"TML";"TONELADA METRICA LIQUIDA";9,267;"Obras de titânio"
"2018";"Titânio";"28230010";28543034;11737,485;"TML";"TONELADA METRICA LIQUIDA";6,014;"Óxidos de titânio, tipo anatase"
"2018";"Titânio";"26140090";22735830;41499,12;"TML";"TONELADA METRICA LIQUIDA";4,79;"Outros minérios de titânio e seus concentrados"
"2018";"Titânio";"72029100";17274027;4911,5;"TML";"TONELADA METRICA LIQUIDA";3,64;"Ferro-titânio e ferro-silício-titânio"
"2018";"Titânio";"32061990";14096690;5251,779;"TML";"TONELADA METRICA LIQUIDA";2,97;"Outros pigmentos e prepars.à base de dióxido de titânio"
"2018";"Titânio";"32061910";11708854;2097,635;"TML";"TONELADA METRICA LIQUIDA";2,467;"Pigmento constituído por mica revestida película dióxido titânio"
"2018";"Titânio";"32061130";4888193;660,166;"TML";"TONELADA METRICA LIQUIDA";1,03;"Preparações à base de dióxido de titânio, peso >= 80%"
"2018";"Titânio";"32061120";4028288;1089,779;"TML";"TONELADA METRICA LIQUIDA";0,849;"Outros pigmentos que contenham, em peso, 80 % ou mais de dióxido de titânio, calculado sobre matéria seca"
"2018";"Titânio";"28230090";1416540;605,016;"TML";"TONELADA METRICA LIQUIDA";0,298;"Outros óxidos de titânio"
"2018";"Tungstênio";"85392110";37259562;65834603;"UNID.";"NUMERO (UNIDADE)";50,863;"Outras lâmpadas e tubos de incandescência, exceto de raios ultravioleta ou infravermelhos, halógenos, de tungstênio, para uma tensão inferior ou igual a 15 V"
"2018";"Tungstênio";"85392190";16459592;50019711;"UNID.";"NUMERO (UNIDADE)";22,469;"Outras lâmpadas/tubos incandescentes halogenos, de tungstênio"
"2018";"Tungstênio";"81019990";5611614;66,468;"TML";"TONELADA METRICA LIQUIDA";7,66;"Outras obras de tungstênio"
"2018";"Tungstênio";"72028000";3085731;99,33;"TML";"TONELADA METRICA LIQUIDA";4,212;"Ferro-tungstênio (ferro-volfrâmio) e ferro-silício-tungstênio (ferro-silício-volfrâmio)"
"2018";"Tungstênio";"28499030";2928936;50,23;"TML";"TONELADA METRICA LIQUIDA";3,998;"Carbonetos de constituição química definida ou não, de tungstênio (volfrâmio)"
"2018";"Tungstênio";"81011000";1945037;33,618;"TML";"TONELADA METRICA LIQUIDA";2,655;"Pós de tungstênio (volframio)"
"2018";"Tungstênio";"90184911";1922045;2129388;"UNID.";"NUMERO (UNIDADE)";2,624;"Brocas para odontologia, de carboneto de tungstênio (volfrâmio)"
"2018";"Tungstênio";"81019400";1664625;23,289;"TML";"TONELADA METRICA LIQUIDA";2,272;"Tungstênio (volfrâmio) em formas brutas, incluindo as barras simplesmente obtidas por sinterização"
"2018";"Tungstênio";"38249972";1028196;341,243;"TML";"TONELADA METRICA LIQUIDA";1,404;"Preparações à base de sílica em suspensão coloidal; nitreto de boro de estrutura cristalina cúbica, compactado com substrato de carbeto de tungstênio (volfrâmio)"
"2018";"Tungstênio";"81019600";893292;6,571;"TML";"TONELADA METRICA LIQUIDA";1,219;"Fios de tungstênio"
"2018";"Turfa";"27030000";6533852;25566231;"KGL";"QUILOGRAMA LIQUIDO";99,905;"Turfa (incluindo a turfa para cama de animais), mesmo aglomerada"
"2018";"Turfa";"68152000";6224;2107;"KGL";"QUILOGRAMA LIQUIDO";0,095;"Obras de turfa"
"2018";"Urânio";"28441000";27173716;130157;"KGL";"QUILOGRAMA LIQUIDO";100;"Urânio natural e seus compostos; ligas, dispersões (incluindo os ceramais (cermets)), produtos cerâmicos e misturas que contenham urânio natural ou compostos de urânio natural"
"2018";"Urânio";"26121000";42;0;"KGL";"QUILOGRAMA LIQUIDO";0;"Minérios de urânio e seus concentrados"
"2018";"Vanádio";"72029200";71321104;1385,165;"TML";"TONELADA METRICA LIQUIDA";85,061;"Ferro-vanádio"
"2018";"Vanádio";"28253010";11747399;345,05;"TML";"TONELADA METRICA LIQUIDA";14,011;"Pentóxido de divanádio"
"2018";"Vanádio";"28419030";494431;30,887;"TML";"TONELADA METRICA LIQUIDA";0,59;"Vanadatos"
"2018";"Vanádio";"90184912";147145;353700;"UNID.";"NUMERO (UNIDADE)";0,175;"Brocas para odontologia, de aço-vanádio"
"2018";"Vanádio";"28253090";136500;4,315;"TML";"TONELADA METRICA LIQUIDA";0,163;"Outros óxidos e hidróxidos de vanádio"
"2018";"Vermiculita";"68069090";19642782;11963302;"KGL";"QUILOGRAMA LIQUIDO";73,906;"Outras obras de matérias minerais para isolamento do calor, som, etc."
"2018";"Vermiculita";"68062000";4910337;1281094;"KGL";"QUILOGRAMA LIQUIDO";18,475;"Vermiculita e argilas, expandidas, espuma de escórias e produtos minerais semelhantes, expandidos, mesmo misturados entre si"
"2018";"Vermiculita";"68061000";2012047;844276;"KGL";"QUILOGRAMA LIQUIDO";7,57;"Lãs de escórias de altos-fornos, lãs de outras escórias, lã de rocha e lãs minerais semelhantes, mesmo misturadas entre si, a granel, em folhas ou em rolos"
"2018";"Vermiculita";"25301090";12869;40040;"KGL";"QUILOGRAMA LIQUIDO";0,048;"Vermiculita e cloritas, não expandidas"
"2018";"Zinco";"26080010";229989179;187561,052;"TML";"TONELADA METRICA LIQUIDA";47,701;"Sulfetos de minérios de zinco"
"2018";"Zinco";"79011111";105743334;2667576;"TML";"TONELADA METRICA LIQUIDA";21,932;"Zinco não ligado, que contenha, em peso, 99,99 % ou mais de zinco, eletrolítico, em lingotes"
"2018";"Zinco";"26080090";46328949;29783,46;"TML";"TONELADA METRICA LIQUIDA";9,609;"Outros minérios de zinco e seus concentrados"
"2018";"Zinco";"28170010";26216677;9157,582;"TML";"TONELADA METRICA LIQUIDA";5,438;"Óxido de zinco (branco de zinco)"
"2018";"Zinco";"38112120";20922736;6142,472;"TML";"TONELADA METRICA LIQUIDA";4,34;"Aditivos para óleos lubrificantes, que contenham óleos de petróleo ou de minerais betuminosos, antidesgastes, anticorrosivos ou antioxidantes, contendo dialquilditiofosfato de zinco ou diarilditiofosfato de zinco"
"2018";"Zinco";"28332970";17654683;13055,843;"TML";"TONELADA METRICA LIQUIDA";3,662;"Sulfatos de zinco"
"2018";"Zinco";"79011210";14627619;4469;"TML";"TONELADA METRICA LIQUIDA";3,034;"Zinco não ligado, que contenha, em peso, menos de 99,99 % de zinco, em lingotes"
"2018";"Zinco";"79070090";4807166;590,38;"TML";"TONELADA METRICA LIQUIDA";0,997;"Outras obras de zinco"
"2018";"Zinco";"85066010";4674755;23812074;"UNID.";"NUMERO (UNIDADE)";0,97;"Pilhas e baterias de pilhas, elétricas, ar-zinco, com volume exterior não superior a 300 cm3"
"2018";"Zinco";"28273998";3988051;2027,117;"TML";"TONELADA METRICA LIQUIDA";0,827;"Cloreto de zinco"
"2018";"Zircônio";"26151020";8546911;6741,456;"TML";"TONELADA METRICA LIQUIDA";27,666;"Zirconita (minério de zircônio)"
"2018";"Zircônio";"25309020";6741097;4716,16;"TML";"TONELADA METRICA LIQUIDA";21,821;"Areia de zircônio micronizada, própria para a preparação de esmaltes cerâmicos"
"2018";"Zircônio";"81099000";5306418;40,745;"TML";"TONELADA METRICA LIQUIDA";17,177;"Obras de zircônio"
"2018";"Zircônio";"28369912";3389789;886,02;"TML";"TONELADA METRICA LIQUIDA";10,973;"Carbonato de zircônio"
"2018";"Zircônio";"28256020";2719167;137,659;"TML";"TONELADA METRICA LIQUIDA";8,802;"Dióxido de zircônio"
"2018";"Zircônio";"69039092";2217301;134,253;"TML";"TONELADA METRICA LIQUIDA";7,177;"Outros produtos cerâmicos refratários de compostos de zircônio"
"2018";"Zircônio";"69039012";1437984;1,901;"TML";"TONELADA METRICA LIQUIDA";4,655;"Tubo refratrário, de compostos de zircônio"
"2018";"Zircônio";"32071010";357612;118,542;"TML";"TONELADA METRICA LIQUIDA";1,158;"Pigmento, opacificante, etc, à base de zircônio/seus sais"
"2018";"Zircônio";"69029020";66055;26,477;"TML";"TONELADA METRICA LIQUIDA";0,214;"Tijolos e outras peças cerâmicas refratárias não fundidos, com um teor de óxido de zircônio (ZrO2) superior a 25 %, em peso"
"2018";"Zircônio";"28399030";62845;29,023;"TML";"TONELADA METRICA LIQUIDA";0,203;"Silicato de zircônio"
