"CO_ANO";"SUBSTANCIA";"CO_NCM";"NO_NCM_Subitem_POR";"EX_FOB.x";"QUANTIDADE";"SG_UNID";"NO_UNID";"id_NCM_ano";"VALOR_(usd/un)"
"2018";"Água Mineral";"22021000";"Águas, incluindo as águas minerais e as águas gaseificadas, adicionadas de açúcar ou de outros edulcorantes ou aromatizadas";10428563;25934266;"LITRO";"LITRO";"22021000_2018";1,375
"2018";"Água Mineral";"22011000";"Águas minerais e águas gaseificadas, não adicionadas de açúcar ou de outros edulcorantes nem aromatizadas";838433;1960457;"LITRO";"LITRO";"22011000_2018";0,5209
"2018";"Amianto";"25249000";"Outras formas de amianto";44768477;101067300;"KGL";"QUILOGRAMA LIQUIDO";"25249000_2018";0,572
"2018";"Amianto";"68114000";"Obras de fibrocimento, cimento-celulose ou produtos semelhantes, que contenham amianto";1337395;6639233;"KGL";"QUILOGRAMA LIQUIDO";"68114000_2018";0,1963
"2018";"Amianto";"68129910";"Juntas e outros elementos com função semelhante de vedação, de amianto";89590;1558;"KGL";"QUILOGRAMA LIQUIDO";"68129910_2018";41,025
"2018";"Amianto";"68138990";"Outras guarnições não montadas, para embreagens, etc, de amianto";56142;8118;"KGL";"QUILOGRAMA LIQUIDO";"68138990_2018";40
"2018";"Amianto";"68129100";"Vestuário, acessórios de vestuário, calçados e chapéus, de amianto/das misturas";15339;3288;"KGL";"QUILOGRAMA LIQUIDO";"68129100_2018";45,6
"2018";"Amianto";"68129990";"Outras obras de amianto trabalhado com fibras com mistura à base de amianto com carbonato de magnésio";6586;335;"KGL";"QUILOGRAMA LIQUIDO";"68129990_2018";8
"2018";"Amianto";"68129920";"Amianto trabalhado, em fibras";1171;38;"KGL";"QUILOGRAMA LIQUIDO";"68129920_2018";22,5202
"2018";"Amianto";"68128000";"Obras de crocidolita (amianto) ou em fibras";164;1;"KGL";"QUILOGRAMA LIQUIDO";"68128000_2018";164
"2018";"Amianto";"68129200";"Papéis, cartões, feltros, de amianto/das misturas";42;0;"KGL";"QUILOGRAMA LIQUIDO";"68129200_2018";NA
"2018";"Amianto";"68129300";"Folhas de amianto e elastômeros, comprimidos, para juntas, mesmo apresentadas em rolos";218;48;"KGL";"QUILOGRAMA LIQUIDO";"68129300_2018";4
"2018";"Antimônio";"28258090";"Outros óxidos de antimônio";67326;23137;"KGL";"QUILOGRAMA LIQUIDO";"28258090_2018";2,9099
"2018";"Antimônio";"81109000";"Obras e outros produtos do antimônio";28;0;"KGL";"QUILOGRAMA LIQUIDO";"81109000_2018";NA
"2018";"Areia";"25059000";"Outras areias naturais de qualquer espécie, mesmo coradas, exceto areias metalíferas do Capítulo 26";71795;1596,034;"TML";"TONELADA METRICA LIQUIDA";"25059000_2018";334,9
"2018";"Argilas Comuns";"69072200";"Ladrilhos e placas (lajes), para pavimentação ou revestimento, exceto os das subposições 6907.30 e 6907.40, com um coeficiente de absorção de água, em peso, superior a 0,5 %, mas não superior a 10 %";278797580;84614987;"M2";"METRO QUADRADO";"69072200_2018";2,767
"2018";"Argilas Comuns";"69072100";"Ladrilhos e placas (lajes), para pavimentação ou revestimento, exceto os das subposições 6907.30 e 6907.40, com um coeficiente de absorção de água, em peso, não superior a 0,5 %";122680228;14462019;"M2";"METRO QUADRADO";"69072100_2018";7,989
"2018";"Argilas Comuns";"69072300";"Ladrilhos e placas (lajes), para pavimentação ou revestimento, exceto os das subposições 6907.30 e 6907.40, com um coeficiente de absorção de água, em peso, superior a 10 %";41343501;6729163;"M2";"METRO QUADRADO";"69072300_2018";6,5255
"2018";"Argilas Comuns";"69074000";"Peças de acabamento, de cerâmica";5718636;390477;"M2";"METRO QUADRADO";"69074000_2018";20,2667
"2018";"Argilas Comuns";"32072010";"Engobos";4751594;10546727;"KGL";"QUILOGRAMA LIQUIDO";"32072010_2018";0,4755
"2018";"Argilas Comuns";"69051000";"Telhas de cerâmica";2766991;14566070;"KGL";"QUILOGRAMA LIQUIDO";"69051000_2018";0,1841
"2018";"Argilas Comuns";"69041000";"Tijolos de cerâmica";1673710;440311;"MIL";"MILHEIRO";"69041000_2018";144,3539
"2018";"Argilas Comuns";"69073000";"Cubos, pastilhas e artigos semelhantes, para mosaicos, exceto os da subposição 6907.40";1211358;68634;"M2";"METRO QUADRADO";"69073000_2018";33,0555
"2018";"Argilas Comuns";"69149000";"Outras obras de cerâmica, exceto porcelana";1009866;161243;"KGL";"QUILOGRAMA LIQUIDO";"69149000_2018";13,8891
"2018";"Argilas Comuns";"69139000";"Estatuetas/outros objetos ornamentais de cerâmica, exceto porcelana";535812;22434;"KGL";"QUILOGRAMA LIQUIDO";"69139000_2018";19,2502
"2018";"Argilas Plásticas";"69109000";"Pias, lavatórios, etc, para sanitários, de cerâmica, exceto porcelana";38476775;1728510;"UNID.";"NUMERO (UNIDADE)";"69109000_2018";20,3417
"2018";"Argilas Plásticas";"85462000";"Isoladores de cerâmica para uso elétrico";7671208;2928790;"KGL";"QUILOGRAMA LIQUIDO";"85462000_2018";3,4736
"2018";"Argilas Plásticas";"69091990";"Outros aparelhos e artefatos de cerâmica, para uso químico/técnico";7236458;219057;"KGL";"QUILOGRAMA LIQUIDO";"69091990_2018";74,5
"2018";"Argilas Plásticas";"69120000";"Louça, outros artigos de uso doméstico e artigos de higiene ou de toucador, de cerâmica, exceto de porcelana";6707445;3714994;"KGL";"QUILOGRAMA LIQUIDO";"69120000_2018";3,9147
"2018";"Argilas Plásticas";"69091290";"Outros artefatos de cerâmica, exceto porcelana, com uma dureza equivalente a 9 ou mais na escala de Mohs";2334603;514060;"KGL";"QUILOGRAMA LIQUIDO";"69091290_2018";26,7778
"2018";"Argilas Plásticas";"85471000";"Peças isolantes de cerâmica, para máquinas, aparelhos e instalações elétricas";605455;100753;"KGL";"QUILOGRAMA LIQUIDO";"85471000_2018";10,2166
"2018";"Argilas Plásticas";"85051910";"Ímãs permanentes e artefatos destinados a tornarem-se ímãs permanentes após magnetização, de ferrita (cerâmicos)";413211;141126;"KGL";"QUILOGRAMA LIQUIDO";"85051910_2018";20,4667
"2018";"Argilas Plásticas";"69099000";"Alguidares e outros recipientes de cerâmica para uso rural, etc.";146844;8391;"KGL";"QUILOGRAMA LIQUIDO";"69099000_2018";78,4902
"2018";"Argilas Plásticas";"69091910";"Outros guia-fios para máquinas têxteis, de cerâmica, exceto porcelana";55418;1443;"KGL";"QUILOGRAMA LIQUIDO";"69091910_2018";686,5384
"2018";"Argilas Plásticas";"38029030";"Atapulgita";3689;3830;"KGL";"QUILOGRAMA LIQUIDO";"38029030_2018";0,9
"2018";"Argilas Refratárias";"38160090";"Outros concretos e composições semelhantes, refratrários";7252885;7135576;"KGL";"QUILOGRAMA LIQUIDO";"38160090_2018";1,08
"2018";"Argilas Refratárias";"82090011";"Plaquetas ou pastilhas, não montadas, de ceramais (cermets), intercambiáveis";2762718;2839351;"KGL";"QUILOGRAMA LIQUIDO";"82090011_2018";97,4584
"2018";"Argilas Refratárias";"38160019";"Outros cimentos e argamassas, refratrários";2126646;2038203;"KGL";"QUILOGRAMA LIQUIDO";"38160019_2018";1,4229
"2018";"Argilas Refratárias";"69039099";"Outros produtos cerâmicos refratrários";1545990;79889;"KGL";"QUILOGRAMA LIQUIDO";"69039099_2018";17,2519
"2018";"Argilas Refratárias";"85322410";"Outros condensadores fixos, com dielétrico de cerâmica, de camadas múltiplas, próprios para montagem em superfície (SMD - Surface Mounted Device)";1424819;310322241;"UNID.";"NUMERO (UNIDADE)";"85322410_2018";0,0062
"2018";"Argilas Refratárias";"81130090";"Outras obras de ceramais, desperdícios e resíduos de ceramais";743606;119349;"KGL";"QUILOGRAMA LIQUIDO";"81130090_2018";28,6308
"2018";"Argilas Refratárias";"25083000";"Argilas refratárias";376123;1249019;"KGL";"QUILOGRAMA LIQUIDO";"25083000_2018";0,216
"2018";"Argilas Refratárias";"81130010";"Chapas, folhas, tiras, fios, hastes, pastilhas e plaquetas, de ceramais";243855;10871;"KGL";"QUILOGRAMA LIQUIDO";"81130010_2018";38,5046
"2018";"Argilas Refratárias";"69029090";"Outros tijolos e pecas cerâmicas para construção, refratários";124721;18802;"KGL";"QUILOGRAMA LIQUIDO";"69029090_2018";4,156
"2018";"Argilas Refratárias";"82090090";"Outras pontas e objetos semelhantes para ferramentas, não montados, de ceramais (cermets)";76146;20271;"KGL";"QUILOGRAMA LIQUIDO";"82090090_2018";16,5789
"2018";"Bário";"25111000";"Sulfato de bário natural (baritina)";112345;266898;"KGL";"QUILOGRAMA LIQUIDO";"25111000_2018";0,7
"2018";"Bário";"28419021";"Ferrito de bário";51666;74340;"KGL";"QUILOGRAMA LIQUIDO";"28419021_2018";0,695
"2018";"Bário";"25112000";"Carbonato de bário natural (witherita)";41918;52751;"KGL";"QUILOGRAMA LIQUIDO";"25112000_2018";0,922
"2018";"Bário";"28164010";"Hidróxido de bário";6400;2000;"KGL";"QUILOGRAMA LIQUIDO";"28164010_2018";3,2
"2018";"Bário";"28332790";"Outros sulfatos de bário";4134;25;"KGL";"QUILOGRAMA LIQUIDO";"28332790_2018";168
"2018";"Bário";"28332710";"Sulfato de bário, com teor de BaSO4 superior ou igual a 97,5 %, em peso";2303;2575;"KGL";"QUILOGRAMA LIQUIDO";"28332710_2018";0,8925
"2018";"Bauxita";"28182010";"Alumina calcinada";2537478547;6262659,415;"TML";"TONELADA METRICA LIQUIDA";"28182010_2018";557,5
"2018";"Bauxita";"26060011";"Bauxita não calcinada (minério de alumínio)";267941798;7935105,456;"TML";"TONELADA METRICA LIQUIDA";"26060011_2018";37,1
"2018";"Bauxita";"76061290";"Outras chapas e tiras, de ligas alumínio, espessura > 0.2mm";242572740;76172,2;"TML";"TONELADA METRICA LIQUIDA";"76061290_2018";4124,1
"2018";"Bauxita";"76011000";"Alumínio não ligado, em formas brutas";214644718;104554;"TML";"TONELADA METRICA LIQUIDA";"76011000_2018";2050,4126
"2018";"Bauxita";"28183000";"Hidróxido de alumínio";176006816;871766,031;"TML";"TONELADA METRICA LIQUIDA";"28183000_2018";267,2
"2018";"Bauxita";"76129019";"Outros recipientes tubulares, de alumínio, de capacidade não superior a 300 litros";112829085;17365,667;"TML";"TONELADA METRICA LIQUIDA";"76129019_2018";6199,2
"2018";"Bauxita";"76071190";"Outras folhas e tiras, de alumínio sem suporte, laminado, espessura <= 0.2 mm";95344481;26183,037;"TML";"TONELADA METRICA LIQUIDA";"76071190_2018";4220,7
"2018";"Bauxita";"28181090";"Outros corindos artificiais, de constituição química definida ou não";77532875;162893,48;"TML";"TONELADA METRICA LIQUIDA";"28181090_2018";1067,4
"2018";"Bauxita";"85322200";"Condensador fixo eletrolítico, de alumínio";74161497;146976372;"UNID.";"NUMERO (UNIDADE)";"85322200_2018";1,5426
"2018";"Bauxita";"76151000";"Artefatos de uso doméstico e suas partes; esponjas, esfregões, luvas e artefatos semelhantes, para limpeza, polimento ou usos semelhantes, de alumínio";55664812;7933,206;"TML";"TONELADA METRICA LIQUIDA";"76151000_2018";9718,85
"2018";"Bentonita";"25081000";"Bentonita";6360815;11801711;"KGL";"QUILOGRAMA LIQUIDO";"25081000_2018";0,7021
"2018";"Bentonita";"38029020";"Bentonita (matéria mineral natural ativada)";150420;211305;"KGL";"QUILOGRAMA LIQUIDO";"38029020_2018";3,3656
"2018";"Bismuto";"81060090";"Obras de bismuto, desperdícios e resíduos, de bismuto";24685;195;"KGL";"QUILOGRAMA LIQUIDO";"81060090_2018";200
"2018";"Bismuto";"28274911";"Oxicloretos de bismuto";8430;80;"KGL";"QUILOGRAMA LIQUIDO";"28274911_2018";105,375
"2018";"Boro";"28402000";"Outros boratos";301785;29293;"KGL";"QUILOGRAMA LIQUIDO";"28402000_2018";4,56
"2018";"Boro";"28401900";"Outros tetraboratos dissódicos (borax refinado)";66848;58746;"KGL";"QUILOGRAMA LIQUIDO";"28401900_2018";0,6398
"2018";"Boro";"25280000";"Boratos naturais e seus concentrados (calcinados ou não), exceto boratos extraídos de salmouras naturais; ácido bórico natural com um teor máximo de 85 % de H3BO3, em produto seco";56822;74325;"KGL";"QUILOGRAMA LIQUIDO";"25280000_2018";8,9813
"2018";"Boro";"28100010";"Ácido ortobórico";18703;15850;"KGL";"QUILOGRAMA LIQUIDO";"28100010_2018";1,1925
"2018";"Boro";"28500010";"Nitreto de boro";15841;150;"QUILT";"QUILATE";"28500010_2018";96,7
"2018";"Boro";"28100090";"Óxidos de boro e outros ácidos bóricos";13078;14250;"KGL";"QUILOGRAMA LIQUIDO";"28100090_2018";0,8733
"2018";"Boro";"28499010";"Carbonetos de constituição química definida ou não, de boro";5638;500;"KGL";"QUILOGRAMA LIQUIDO";"28499010_2018";11,276
"2018";"Boro";"28403000";"Peroxoboratos (perboratos)";2130;750;"KGL";"QUILOGRAMA LIQUIDO";"28403000_2018";2,7362
"2018";"Boro";"28401100";"Tetraborato dissódico (borax refinado) anidro";35;1;"KGL";"QUILOGRAMA LIQUIDO";"28401100_2018";35
"2018";"Bromo";"28275900";"Outros brometos e oxibrometos";389082;246001;"KGL";"QUILOGRAMA LIQUIDO";"28275900_2018";1,5802
"2018";"Bromo";"28275100";"Brometos de sódio ou de potássio";292618;889250;"KGL";"QUILOGRAMA LIQUIDO";"28275100_2018";0,2658
"2018";"Cádmio";"32064910";"Pigmentos preparados à base de compostos de cádmio";2647401;159873;"KGL";"QUILOGRAMA LIQUIDO";"32064910_2018";20,572
"2018";"Cádmio";"81072010";"Cádmio em formas brutas";217957;305070;"KGL";"QUILOGRAMA LIQUIDO";"81072010_2018";0,7052
"2018";"Calcário";"28352600";"Outros fosfatos de cálcio";15258843;25569,982;"TML";"TONELADA METRICA LIQUIDA";"28352600_2018";1490
"2018";"Calcário";"28299032";"Iodatos de cálcio";7284493;459,751;"TML";"TONELADA METRICA LIQUIDA";"28299032_2018";18300
"2018";"Calcário";"25232910";"Cimentos 'portland', comuns";7244300;97757,632;"TML";"TONELADA METRICA LIQUIDA";"25232910_2018";85,65
"2018";"Calcário";"28365000";"Carbonato de cálcio";3944660;11946,925;"TML";"TONELADA METRICA LIQUIDA";"28365000_2018";300
"2018";"Calcário";"68118200";"Outras chapas, painéis, ladrilhos, telhas e artigos semelhantes, de fibrocimento, cimento-celulose ou produtos semelhantes";3879372;18803,756;"TML";"TONELADA METRICA LIQUIDA";"68118200_2018";228,55
"2018";"Calcário";"28491000";"Carbonetos de constituição química definida ou não, de cálcio";3841171;4414,041;"TML";"TONELADA METRICA LIQUIDA";"28491000_2018";857,75
"2018";"Calcário";"68109900";"Outras obras de cimento, de concreto ou de pedra artificial, mesmo armadas";3448677;4580,772;"TML";"TONELADA METRICA LIQUIDA";"68109900_2018";1577,2
"2018";"Calcário";"28352500";"Hidrogeno-ortofosfato de cálcio (fosfato dicálcico)";2340982;4867,41;"TML";"TONELADA METRICA LIQUIDA";"28352500_2018";480,9
"2018";"Calcário";"25232990";"Outros tipos de cimento 'portland'";1887922;21202,351;"TML";"TONELADA METRICA LIQUIDA";"25232990_2018";82,2
"2018";"Calcário";"68118100";"Chapas onduladas de fibrocimento, cimento-celulose, ou produtos semelhantes, que não contenham amianto";1309603;4973,527;"TML";"TONELADA METRICA LIQUIDA";"68118100_2018";237
"2018";"Carvão Mineral";"27075000";"Outras misturas de hidrocarbonetos aromáticos que destilem, incluindo as perdas, uma fração igual ou superior a 65 %, em volume, a 250 °C, segundo o método ASTM D 86";41013409;73134297;"KGL";"QUILOGRAMA LIQUIDO";"27075000_2018";0,55
"2018";"Carvão Mineral";"27060000";"Alcatrões de hulha, de linhita ou de turfa e outros alcatrões minerais, mesmo desidratados ou parcialmente destilados, incluindo os alcatrões reconstituídos";9849332;33236740;"KGL";"QUILOGRAMA LIQUIDO";"27060000_2018";0,2555
"2018";"Carvão Mineral";"85451100";"Eletrodos de carvão, dos tipos utilizados em fornos";8599673;768525;"KGL";"QUILOGRAMA LIQUIDO";"85451100_2018";16,5
"2018";"Carvão Mineral";"38013010";"Pasta carbonada para eletrodos";7982873;11259614;"KGL";"QUILOGRAMA LIQUIDO";"38013010_2018";0,7126
"2018";"Carvão Mineral";"85452000";"Escovas de carvão, para usos elétricos";4987978;444375;"KGL";"QUILOGRAMA LIQUIDO";"85452000_2018";107
"2018";"Carvão Mineral";"27071000";"Benzol (benzeno) (produtos da destilação dos alcatrões de hulha)";3518962;7088893;"KGL";"QUILOGRAMA LIQUIDO";"27071000_2018";0,5088
"2018";"Carvão Mineral";"38021000";"Carvões ativados";1232196;935111;"KGL";"QUILOGRAMA LIQUIDO";"38021000_2018";5,1
"2018";"Carvão Mineral";"27040090";"Semicoques de hulha, linhita ou turfa, carvão de retorta";783368;1052741;"KGL";"QUILOGRAMA LIQUIDO";"27040090_2018";0,6983
"2018";"Carvão Mineral";"27079100";"Óleos de creosoto";316017;418230;"KGL";"QUILOGRAMA LIQUIDO";"27079100_2018";1,56
"2018";"Carvão Mineral";"27079910";"Cresóis";293945;115100;"KGL";"QUILOGRAMA LIQUIDO";"27079910_2018";2,5381
"2018";"Caulim";"25070010";"Caulim (caulino), mesmo calcinados";169955978;1546431,547;"TML";"TONELADA METRICA LIQUIDA";"25070010_2018";197,8
"2018";"Caulim";"48109290";"Outros papéis e cartões de camadas múltiplas, revestidos de caulim, em rolos ou folhas";38145693;42258,764;"TML";"TONELADA METRICA LIQUIDA";"48109290_2018";867,75
"2018";"Caulim";"69111090";"Outros artigos para serviços de mesa/cozinha, de porcelana";2351523;1203,516;"TML";"TONELADA METRICA LIQUIDA";"69111090_2018";2913,6
"2018";"Caulim";"69111010";"Conjunto (jogo ou aparelho) para jantar, café ou chá, apresentado em embalagem comum, de porcelana";434525;98,037;"TML";"TONELADA METRICA LIQUIDA";"69111010_2018";4299,2
"2018";"Caulim";"25070090";"Outras argilas caulínicas, mesmo calcinadas";388077;1516,499;"TML";"TONELADA METRICA LIQUIDA";"25070090_2018";196,6
"2018";"Caulim";"69101000";"Pias, lavatórios, etc, para sanitários, de porcelana";337866;18000;"UNID.";"NUMERO (UNIDADE)";"69101000_2018";24,8019
"2018";"Caulim";"69131000";"Estatuetas/outros objetos ornamentais de porcelana";55017;1,514;"TML";"TONELADA METRICA LIQUIDA";"69131000_2018";11125
"2018";"Caulim";"69141000";"Outras obras de porcelana";34316;2,207;"TML";"TONELADA METRICA LIQUIDA";"69141000_2018";18711,5
"2018";"Caulim";"69119000";"Outros artigos de uso doméstico, higiene, etc, de porcelana";5274;0,35;"TML";"TONELADA METRICA LIQUIDA";"69119000_2018";15387,75
"2018";"Caulim";"48109990";"Outros papéis/cartões, revestidos de caulim, em rolos/folhas";1161;0,57;"TML";"TONELADA METRICA LIQUIDA";"48109990_2018";8333,3
"2018";"Chumbo";"85071090";"Outros acumuladores elétricos de chumbo";106456575;2213431;"UNID.";"NUMERO (UNIDADE)";"85071090_2018";54,7433
"2018";"Chumbo";"78011011";"Chumbo refinado, eletrolítico, em lingotes";33705932;14159;"TML";"TONELADA METRICA LIQUIDA";"78011011_2018";2422,8751
"2018";"Chumbo";"26070000";"Minérios de chumbo e seus concentrados";16911907;16815,003;"TML";"TONELADA METRICA LIQUIDA";"26070000_2018";1048,9
"2018";"Chumbo";"85072010";"Outros acumuladores elétricos, de chumbo, peso <= 1000 kg";5479550;45240;"UNID.";"NUMERO (UNIDADE)";"85072010_2018";173
"2018";"Chumbo";"78019900";"Outras formas brutas de chumbo";1546371;2470674;"TML";"TONELADA METRICA LIQUIDA";"78019900_2018";2297,2973
"2018";"Chumbo";"28241000";"Monóxido de chumbo (litargirio, massicote)";1490650;460;"TML";"TONELADA METRICA LIQUIDA";"28241000_2018";3216,5
"2018";"Chumbo";"85072090";"Outros acumuladores elétricos, de chumbo";1445577;4605;"UNID.";"NUMERO (UNIDADE)";"85072090_2018";526
"2018";"Chumbo";"78060090";"Outras obras de chumbo";1223520;199,574;"TML";"TONELADA METRICA LIQUIDA";"78060090_2018";15000
"2018";"Chumbo";"85071010";"Acumuladores elétricos de chumbo, do tipo utilizado para o arranque dos motores de pistão, de capacidade inferior ou igual a 20 Ah e tensão inferior ou igual a 12 V";498658;30661;"UNID.";"NUMERO (UNIDADE)";"85071010_2018";41
"2018";"Chumbo";"78060010";"Barras, perfis e fios de chumbo";347748;32,535;"TML";"TONELADA METRICA LIQUIDA";"78060010_2018";10367,5
"2018";"Cobalto";"28220090";"Outros óxidos e hidróxidos de cobalto, inclusive os comerciais";1884189;30,405;"TML";"TONELADA METRICA LIQUIDA";"28220090_2018";49109,6
"2018";"Cobalto";"28220010";"Tetraóxido de tricobalto (óxido salino de cobalto)";634228;10,85;"TML";"TONELADA METRICA LIQUIDA";"28220010_2018";63445
"2018";"Cobalto";"26050000";"Minérios de cobalto e seus concentrados";255446;148,137;"TML";"TONELADA METRICA LIQUIDA";"26050000_2018";2131,95
"2018";"Cobalto";"81059010";"Chapas, folhas, tiras, fios, hastes, pastilhas e plaquetas, de cobalto";98411;0,106;"TML";"TONELADA METRICA LIQUIDA";"81059010_2018";1635166,7
"2018";"Cobalto";"81052010";"Cobalto em formas brutas";61893;4,679;"TML";"TONELADA METRICA LIQUIDA";"81052010_2018";13227,8
"2018";"Cobalto";"81059090";"Outras obras de cobalto";31804;0,001;"TML";"TONELADA METRICA LIQUIDA";"81059090_2018";582000
"2018";"Cobalto";"28273997";"Cloreto de cobalto";6686;0,251;"TML";"TONELADA METRICA LIQUIDA";"28273997_2018";149824
"2018";"Cobre";"26030090";"Outros minérios de cobre e seus concentrados";2060909053;935307,64;"TML";"TONELADA METRICA LIQUIDA";"26030090_2018";2007,65
"2018";"Cobre";"26030010";"Sulfetos de minérios de cobre e seus concentrados";579345411;311239,519;"TML";"TONELADA METRICA LIQUIDA";"26030010_2018";1830,05
"2018";"Cobre";"74031100";"Cátodos e seus elementos de cobre refinado, em formas brutas";288374612;43951;"TML";"TONELADA METRICA LIQUIDA";"74031100_2018";6460,7984
"2018";"Cobre";"74081100";"Fios de cobre refinado, com a maior dimensão da seção transversal superior a 6 mm";134475820;20204,832;"TML";"TONELADA METRICA LIQUIDA";"74081100_2018";7014,5
"2018";"Cobre";"74081900";"Outros fios de cobre refinado";119052452;14316,659;"TML";"TONELADA METRICA LIQUIDA";"74081900_2018";7336
"2018";"Cobre";"74111010";"Tubos de cobre refinado, não aletados nem ranhurados";66795880;8679,469;"TML";"TONELADA METRICA LIQUIDA";"74111010_2018";7823,7
"2018";"Cobre";"74040000";"Desperdícios e resíduos, de cobre";58779410;14814,087;"TML";"TONELADA METRICA LIQUIDA";"74040000_2018";4476,9
"2018";"Cobre";"74092100";"Chapas e tiras de ligas à base de cobre-zinco (latão, de espessura superior a 0,15 mm, em rolos";55024084;8847,62;"TML";"TONELADA METRICA LIQUIDA";"74092100_2018";6348,45
"2018";"Cobre";"85441100";"Fios de cobre para bobinar, isolados para usos elétricos (incluindo os envernizados ou oxidados anodicamente)";46788809;5701,011;"TML";"TONELADA METRICA LIQUIDA";"85441100_2018";8422,4
"2018";"Cobre";"74010000";"Mates de cobre; cobre de cementação (precipitado de cobre)";41029566;19480,673;"TML";"TONELADA METRICA LIQUIDA";"74010000_2018";2058,95
"2018";"Coríndon";"38160021";"Preparações refratárias que contenham grafita e 50 % ou mais, em peso, de coríndon";326;100;"KGL";"QUILOGRAMA LIQUIDO";"38160021_2018";3,26
"2018";"Cromo";"72042100";"Desperdícios e resíduos de aços inoxidáveis";55630209;37245,003;"TML";"TONELADA METRICA LIQUIDA";"72042100_2018";1371
"2018";"Cromo";"72193300";"Produtos laminados planos de aço inoxidável, de largura igual ou superior a 600 mm, simplesmente laminados a frio, de espessura superior a 1 mm, mas inferior a 3 mm";45855377;26360,287;"TML";"TONELADA METRICA LIQUIDA";"72193300_2018";1859,1
"2018";"Cromo";"72193400";"Produtos laminados planos de aço inoxidável, de largura igual ou superior a 600 mm, simplesmente laminados a frio, de espessura igual ou superior a 0,5 mm, mas não superior a 1 mm";41886751;22864,568;"TML";"TONELADA METRICA LIQUIDA";"72193400_2018";1814,65
"2018";"Cromo";"72222000";"Barras de aço inxodiável simplesmente obtidas ou completamente acabadas a frio";23928721;2939,453;"TML";"TONELADA METRICA LIQUIDA";"72222000_2018";7521,55
"2018";"Cromo";"73239300";"Outros artefatos domésticos, de aços inoxidáveis, e partes";18790616;2003,798;"TML";"TONELADA METRICA LIQUIDA";"73239300_2018";12744,45
"2018";"Cromo";"82159910";"Colheres, garfos, conchas, escumadeiras, etc, de aços inoxidáveis";18151744;2362,835;"TML";"TONELADA METRICA LIQUIDA";"82159910_2018";12460,25
"2018";"Cromo";"73241000";"Pias e lavatórios, de aços inoxidáveis";15399184;2083,812;"TML";"TONELADA METRICA LIQUIDA";"73241000_2018";8234,9
"2018";"Cromo";"72024900";"Outras ligas de ferro-cromo";14759529;5707,251;"TML";"TONELADA METRICA LIQUIDA";"72024900_2018";2620,3
"2018";"Cromo";"72192100";"Produtos laminados planos de aço inoxidável, de largura igual ou superior a 600 mm, simplesmente laminados a quente, não enrolados, de espessura superior a 10 mm";14010100;5232,319;"TML";"TONELADA METRICA LIQUIDA";"72192100_2018";2613,25
"2018";"Cromo";"72230000";"Fios de aço inoxidável";9345764;692,145;"TML";"TONELADA METRICA LIQUIDA";"72230000_2018";6785,6
"2018";"Diamante";"71021000";"Diamantes, mesmo trabalhados, mas não montados nem engastados, não selecionados";40309110;232068;"QUILT";"QUILATE";"71021000_2018";280,1347
"2018";"Diamante";"71023100";"Diamantes não industriais, em bruto ou simplesmente serrados, clivados ou desbastados";7563856;2794;"QUILT";"QUILATE";"71023100_2018";3637,0532
"2018";"Diamante";"71023900";"Outros diamantes não industriais, não montados, não engastados";3222594;580;"QUILT";"QUILATE";"71023900_2018";4421,4686
"2018";"Diamante";"68042119";"Outros mós de diamante natural ou sintético, aglomerado, de diâmetro inferior a 53,34 cm";2911901;182992;"KGL";"QUILOGRAMA LIQUIDO";"68042119_2018";29,125
"2018";"Diamante";"68042111";"Mós de diamante natural ou sintético, aglomerado, de diâmetro inferior a 53,34 cm, aglomerados com resina";729805;8247;"KGL";"QUILOGRAMA LIQUIDO";"68042111_2018";115,25
"2018";"Diamante";"68042190";"Outros mós de diamante natural ou sintético, aglomerado";665354;5256;"KGL";"QUILOGRAMA LIQUIDO";"68042190_2018";203,2424
"2018";"Diamante";"71022900";"Outros diamantes industriais, não montados, nem engastados";107239;9;"QUILT";"QUILATE";"71022900_2018";11915,4444
"2018";"Diamante";"71022100";"Diamantes industriais, em bruto ou simplesmente serrados, clivados ou desbastados";9994;97;"QUILT";"QUILATE";"71022100_2018";103,0309
"2018";"Diamante";"71051000";"Pó de diamantes";1920;0;"QUILT";"QUILATE";"71051000_2018";NA
"2018";"Diatomita";"38029040";"Outras argilas e terras ativadas";383451;575125;"KGL";"QUILOGRAMA LIQUIDO";"38029040_2018";0,7705
"2018";"Diatomita";"25120000";"Farinhas siliciosas fósseis (por exemplo, kieselguhr, tripolita, diatomita) e outras terras siliciosas análogas de densidade aparente não superior a 1, mesmo calcinadas";337595;219621;"KGL";"QUILOGRAMA LIQUIDO";"25120000_2018";1,9405
"2018";"Diatomita";"38029010";"Farinhas silíciosas fósseis (ativadas)";417;10;"KGL";"QUILOGRAMA LIQUIDO";"38029010_2018";41,7
"2018";"Dolomita";"25181000";"Dolomita não calcinada nem sinterizada, denominada 'crua'";13490661;243107335;"KGL";"QUILOGRAMA LIQUIDO";"25181000_2018";0,0417
"2018";"Dolomita";"25183000";"Aglomerados de dolomita";262417;4872770;"KGL";"QUILOGRAMA LIQUIDO";"25183000_2018";0,0554
"2018";"Dolomita";"25182000";"Dolomita calcinada ou sinterizada";171616;1520662;"KGL";"QUILOGRAMA LIQUIDO";"25182000_2018";0,0698
"2018";"Enxofre";"28332990";"Outros sulfatos";13947012;1793626;"KGL";"QUILOGRAMA LIQUIDO";"28332990_2018";14,85
"2018";"Enxofre";"25030090";"Outras formas de enxofre de qualquer espécie, exceto o enxofre sublimado, o precipitado e o coloidal";3085562;6670057;"KGL";"QUILOGRAMA LIQUIDO";"25030090_2018";0,5123
"2018";"Enxofre";"28309019";"Outros sulfetos";2111023;757243;"KGL";"QUILOGRAMA LIQUIDO";"28309019_2018";3,0136
"2018";"Enxofre";"28020000";"Enxofre sublimado ou precipitado; enxofre coloidal";728055;918000;"KGL";"QUILOGRAMA LIQUIDO";"28020000_2018";0,7882
"2018";"Enxofre";"28322000";"Outros sulfitos";608918;921565;"KGL";"QUILOGRAMA LIQUIDO";"28322000_2018";0,612
"2018";"Enxofre";"25020000";"Piritas de ferro não ustuladas";114773;490684;"KGL";"QUILOGRAMA LIQUIDO";"25020000_2018";0,266
"2018";"Enxofre";"28334090";"Outros peroxossulfatos (persulfatos)";83260;10469;"KGL";"QUILOGRAMA LIQUIDO";"28334090_2018";7,193
"2018";"Enxofre";"28070010";"Ácido sulfúrico";24863;664916;"KGL";"QUILOGRAMA LIQUIDO";"28070010_2018";0,037
"2018";"Enxofre";"28111910";"Ácido aminossulfônico (ácido sulfâmico)";6640;3100;"KGL";"QUILOGRAMA LIQUIDO";"28111910_2018";2,131
"2018";"Enxofre";"28333000";"Alumes";1450;1009;"KGL";"QUILOGRAMA LIQUIDO";"28333000_2018";1,6087
"2018";"Estanho";"80011000";"Estanho não ligado, em forma bruta";186031792;174986;"TML";"TONELADA METRICA LIQUIDA";"80011000_2018";20466,8
"2018";"Estanho";"26090000";"Minérios de estanho e seus concentrados";22877851;2745,028;"TML";"TONELADA METRICA LIQUIDA";"26090000_2018";11640,6
"2018";"Estanho";"80030000";"Barras, perfis e fios, de estanho";5890348;370,478;"TML";"TONELADA METRICA LIQUIDA";"80030000_2018";19808,25
"2018";"Estanho";"80012000";"Ligas de estanho, em forma bruta";2248841;127,805;"TML";"TONELADA METRICA LIQUIDA";"80012000_2018";17000
"2018";"Estanho";"80020000";"Desperdícios e resíduos, de estanho";1205835;127,857;"TML";"TONELADA METRICA LIQUIDA";"80020000_2018";10722,7
"2018";"Estanho";"80070020";"Pós e escamas, de estanho";345650;33,703;"TML";"TONELADA METRICA LIQUIDA";"80070020_2018";13080,5
"2018";"Estanho";"80070090";"Outras obras de estanho";13366;12,916;"TML";"TONELADA METRICA LIQUIDA";"80070090_2018";1900
"2018";"Estanho";"80070010";"Chapas, folhas e tiras, de estanho";1460;0,029;"TML";"TONELADA METRICA LIQUIDA";"80070010_2018";50344,8
"2018";"Estrôncio";"28164090";"Óxidos, hidróxidos, peróxidos de estrôncio, etc.";67194;112000;"KGL";"QUILOGRAMA LIQUIDO";"28164090_2018";0,5769
"2018";"Estrôncio";"28369200";"Carbonato de estrôncio";58840;44000;"KGL";"QUILOGRAMA LIQUIDO";"28369200_2018";1,3373
"2018";"Feldspato";"25291000";"Feldspato";1547499;1818608;"KGL";"QUILOGRAMA LIQUIDO";"25291000_2018";0,392
"2018";"Ferro";"26011100";"Minérios de ferro e seus concentrados, exceto as piritas de ferro ustuladas (cinzas de piritas), não aglomerados";16718804465;355069533,827;"TML";"TONELADA METRICA LIQUIDA";"26011100_2018";48,5
"2018";"Ferro";"26011210";"Minérios de ferro e seus concentrados, exceto as piritas de ferro ustuladas (cinzas de piritas), aglomerados por processo de peletização, de diâmetro superior ou igual a 8mm e inferior ou igual a 18mm";3501554310;34730088,155;"TML";"TONELADA METRICA LIQUIDA";"26011210_2018";92,9
"2018";"Ferro";"72071200";"Outros produtos semimanufaturados de ferro ou aço não ligado, de seção transversal retangular, que contenham, em peso, menos de 0,25 % de carbono";3260683747;6025433,638;"TML";"TONELADA METRICA LIQUIDA";"72071200_2018";528,85
"2018";"Ferro";"72249000";"Produtos semimanufaturados, de outras ligas de aços";1177939072;1995981,708;"TML";"TONELADA METRICA LIQUIDA";"72249000_2018";595
"2018";"Ferro";"72011000";"Ferro fundido bruto não ligado, que contenha, em peso, 0,5 % ou menos de fósforo";750473642;1800367,239;"TML";"TONELADA METRICA LIQUIDA";"72011000_2018";421,25
"2018";"Ferro";"72072000";"Produtos semimanufaturados de ferro ou aço não ligado, que contenham, em peso, 0,25 % ou mais de carbono";556612201;1079575,46;"TML";"TONELADA METRICA LIQUIDA";"72072000_2018";904,6
"2018";"Ferro";"73051100";"Tubos dos tipos utilizados em oleodutos ou gasodutos, soldados longitudinalmente por arco imerso, de seção circular, de diâmetro exterior superior a 406,4 mm, de ferro ou aço";385632256;286111,192;"TML";"TONELADA METRICA LIQUIDA";"73051100_2018";1508,2
"2018";"Ferro";"72083990";"Outros produtos laminados planos, de ferro ou aço não ligado, de largura igual ou superior a 600 mm, não folheados ou chapeados, nem revestidos, em rolos, simplesmente laminados a quente, de espessura inferior a 3 mm";290713033;509577,42;"TML";"TONELADA METRICA LIQUIDA";"72083990_2018";603,9
"2018";"Ferro";"72142000";"Barras de ferro ou aço não ligado, a quente, dentadas, com nervuras, sulcos ou relevos, obtidos durante a laminagem, ou torcidas após laminagem";284322351;501199,855;"TML";"TONELADA METRICA LIQUIDA";"72142000_2018";586,9
"2018";"Ferro";"72083910";"Produtos laminados planos, de ferro ou aço não ligado, de largura igual ou superior a 600 mm,não folheados ou chapeados, nem revestidos, em rolos, simplesmente laminados a quente,de espessura inferior a 3 mm,com um limite mínimo de elasticidade de 275 MPa";226940406;382699,25;"TML";"TONELADA METRICA LIQUIDA";"72083910_2018";598,45
"2018";"Fluorita";"28261990";"Outros fluoretos";804768;318035;"KGL";"QUILOGRAMA LIQUIDO";"28261990_2018";4,8222
"2018";"Fluorita";"28269090";"Outros fluossilicatos, fluoraluminatos, sais complexos fluor";350313;205541;"KGL";"QUILOGRAMA LIQUIDO";"28269090_2018";2,854
"2018";"Fluorita";"25292200";"Espatoflúor, que contenha, em peso, mais de 97 % de fluoreto de cálcio";48611;73000;"KGL";"QUILOGRAMA LIQUIDO";"25292200_2018";0,6635
"2018";"Fluorita";"28111940";"Fluorácidos e outros compostos de flúor";14351;2940;"KGL";"QUILOGRAMA LIQUIDO";"28111940_2018";1,2796
"2018";"Fluorita";"28269020";"Fluossilicatos de sódio ou de potássio";4406;4000;"KGL";"QUILOGRAMA LIQUIDO";"28269020_2018";1,1015
"2018";"Fluorita";"25292100";"Espatoflúor, que contenha, em peso, 97 % ou menos de fluoreto de cálcio";1564;1100;"KGL";"QUILOGRAMA LIQUIDO";"25292100_2018";3,32
"2018";"Fluorita";"28111100";"Fluoreto de hidrogênio (ácido fluorídrico)";1500;940;"KGL";"QUILOGRAMA LIQUIDO";"28111100_2018";1,5957
"2018";"Fosfato";"31052000";"Adubos (fertilizantes) minerais ou químicos, que contenham os três elementos fertilizantes: nitrogênio (azoto), fósforo e potássio";109330752;285111,003;"TML";"TONELADA METRICA LIQUIDA";"31052000_2018";405
"2018";"Fosfato";"28092011";"Ácido fosfórico com teor de ferro inferior a 750 ppm";21047387;22365,759;"TML";"TONELADA METRICA LIQUIDA";"28092011_2018";945,4
"2018";"Fosfato";"31055900";"Outros adubos/fertilizantes minerais químicos, com nitrogênio e fósforo";20767583;53329,315;"TML";"TONELADA METRICA LIQUIDA";"31055900_2018";604,9
"2018";"Fosfato";"36050000";"Fósforos, exceto os artigos de pirotecnia da posição 36.04";6997243;2164,327;"TML";"TONELADA METRICA LIQUIDA";"36050000_2018";3552,3
"2018";"Fosfato";"38089192";"Inseticida à base de cipermetrinas ou de permetrina, apresentado de outro modo";3161348;327,994;"TML";"TONELADA METRICA LIQUIDA";"38089192_2018";9479,5
"2018";"Fosfato";"31056000";"Adubos (fertilizantes) minerais ou químicos, que contenham os dois elementos fertilizantes: fósforo e potássio";3024249;3134,444;"TML";"TONELADA METRICA LIQUIDA";"31056000_2018";2265,4
"2018";"Fosfato";"31039090";"Outros adubos ou fertilizantes minerais/químicos, fosfatados";1893570;4403,883;"TML";"TONELADA METRICA LIQUIDA";"31039090_2018";424,75
"2018";"Fosfato";"31031900";"Outros superfosfatos";1583604;645,699;"TML";"TONELADA METRICA LIQUIDA";"31031900_2018";3362
"2018";"Fosfato";"31054000";"Diidrogeno-ortofosfato de amônio (fosfato monoamônico ou monoamoniacal), mesmo misturado com hidrogeno-ortofosfato de diamônio (fosfato diamônico ou diamoniacal)";409081;670,523;"TML";"TONELADA METRICA LIQUIDA";"31054000_2018";542,1
"2018";"Fosfato";"31053010";"Hidrogeno-ortofosfato de diamônio (fosfato diamônico ou diamoniacal), com teor de arsênio superior ou igual a 6 mg/kg";325343;654;"TML";"TONELADA METRICA LIQUIDA";"31053010_2018";487,15
"2018";"Gemas";"71039900";"Outras pedras preciosas (exceto diamantes) ou semipreciosas, trabalhadas de outro modo";83343652;36432430088;"QUILT";"QUILATE";"71039900_2018";0,0049
"2018";"Gemas";"71031000";"Pedras preciosas (exceto diamantes) ou semipreciosas, em bruto ou simplesmente serradas ou desbastadas";47614607;10007340;"KGL";"QUILOGRAMA LIQUIDO";"71031000_2018";9,437
"2018";"Gemas";"71039100";"Rubis, safiras e esmeraldas, trabalhadas de outro modo";17154759;43372740;"QUILT";"QUILATE";"71039100_2018";80,9418
"2018";"Gemas";"71162090";"Outras obras de pedras preciosas/semi, sintética/reconstituída";15803443;1430738;"KGL";"QUILOGRAMA LIQUIDO";"71162090_2018";24
"2018";"Gemas";"99997102";"Pedras lapidadas/trabalhadas do capítulo 71 da NCM";2123639;404;"KGL";"QUILOGRAMA LIQUIDO";"99997102_2018";551,8889
"2018";"Gemas";"99997101";"Pedras em bruto do capítulo 71 da NCM";205336;342;"KGL";"QUILOGRAMA LIQUIDO";"99997101_2018";71,75
"2018";"Gemas";"71059000";"Pó de pedras preciosas ou semipreciosas ou de pedras sintéticas";30711;1052;"KGL";"QUILOGRAMA LIQUIDO";"71059000_2018";79,8571
"2018";"Gipsita";"25202090";"Outras formas de gesso";1063185;30587665;"KGL";"QUILOGRAMA LIQUIDO";"25202090_2018";0,0724
"2018";"Gipsita";"34070090";"Outras composições para dentistas, à base de gesso";842691;152703;"KGL";"QUILOGRAMA LIQUIDO";"34070090_2018";4,5823
"2018";"Gipsita";"68091100";"Chapas, placas, painéis, ladrilhos e semelhantes, não ornamentados, revestidos ou reforçados exclusivamente com papel ou cartão, de gesso ou de composições à base de gesso";669633;3567547;"KGL";"QUILOGRAMA LIQUIDO";"68091100_2018";0,1998
"2018";"Gipsita";"34070010";"Pastas para modelar";617641;383280;"KGL";"QUILOGRAMA LIQUIDO";"34070010_2018";2,6957
"2018";"Gipsita";"96099000";"Pastéis, carvões, gizes para escrever/desenhar e de alfaiate";322419;71701;"KGL";"QUILOGRAMA LIQUIDO";"96099000_2018";8,3105
"2018";"Gipsita";"34070020";"Ceras para dentistas";258002;77399;"KGL";"QUILOGRAMA LIQUIDO";"34070020_2018";26,3636
"2018";"Gipsita";"68099000";"Outras obras de gesso ou de composições à base de gesso";44426;14034;"KGL";"QUILOGRAMA LIQUIDO";"68099000_2018";4,1944
"2018";"Gipsita";"68091900";"Outras chapas, placas, painéis, ladrilhos e semelhantes, não ornamentados, de gesso ou de composições à base de gesso";14570;14372;"KGL";"QUILOGRAMA LIQUIDO";"68091900_2018";1,1175
"2018";"Gipsita";"25201019";"Outras formas de gipsitas";9868;905;"KGL";"QUILOGRAMA LIQUIDO";"25201019_2018";7,6667
"2018";"Gipsita";"25202010";"Gesso moído, apto para uso odontológico";1024;204;"KGL";"QUILOGRAMA LIQUIDO";"25202010_2018";5,3594
"2018";"Grafita";"25041000";"Grafita natural em pó ou em escamas";31144716;21896,952;"TML";"TONELADA METRICA LIQUIDA";"25041000_2018";1218,3
"2018";"Grafita";"38011000";"Grafita artificial";9292796;9068,227;"TML";"TONELADA METRICA LIQUIDA";"38011000_2018";805,25
"2018";"Grafita";"68151090";"Outras obras de grafita/outros carbonos, para uso não elétrico";1862241;90,594;"TML";"TONELADA METRICA LIQUIDA";"68151090_2018";85428,55
"2018";"Grafita";"25049000";"Grafita natural, em outras formas";1758534;1956,395;"TML";"TONELADA METRICA LIQUIDA";"25049000_2018";999,75
"2018";"Grafita";"69031012";"Cadinhos refratrários, elaborados com uma mistura de grafita e carboneto de silício";1296145;233,37;"TML";"TONELADA METRICA LIQUIDA";"69031012_2018";7212,8
"2018";"Grafita";"96092000";"Minas para lápis/lapiseiras";984041;33,01;"TML";"TONELADA METRICA LIQUIDA";"96092000_2018";32682,05
"2018";"Grafita";"69031090";"Outros produtos cerâmicos refratários de grafita ou outro carbono > 50%";371552;45,076;"TML";"TONELADA METRICA LIQUIDA";"69031090_2018";14668,95
"2018";"Grafita";"38013090";"Pastas semelhantes às carbonadas, para revestimento interior de fornos";354262;306,655;"TML";"TONELADA METRICA LIQUIDA";"38013090_2018";2750
"2018";"Grafita";"38012090";"Outras grafitas coloidais ou semicoloidais";269049;325,993;"TML";"TONELADA METRICA LIQUIDA";"38012090_2018";3800
"2018";"Grafita";"69031011";"Cadinhos refratrários, de grafita";257104;18,109;"TML";"TONELADA METRICA LIQUIDA";"69031011_2018";19547,4
"2018";"Iodo";"28012090";"Outras formas de iodo";3210739;126000;"KGL";"QUILOGRAMA LIQUIDO";"28012090_2018";25,2096
"2018";"Iodo";"28276019";"Outros iodetos";2340471;100400;"KGL";"QUILOGRAMA LIQUIDO";"28276019_2018";23,44
"2018";"Iodo";"28299040";"Periodatos";1414;460;"KGL";"QUILOGRAMA LIQUIDO";"28299040_2018";3,0275
"2018";"Iodo";"28012010";"Iodo sublimado";14;2;"KGL";"QUILOGRAMA LIQUIDO";"28012010_2018";7
"2018";"Iodo";"28299039";"Outros iodatos";8;2;"KGL";"QUILOGRAMA LIQUIDO";"28299039_2018";4
"2018";"Irídio";"28439030";"Ácido hexacloroirídico em solução aquosa com uma concentração igual ou superior a 17 %, mas inferior ou igual a 27 %, em peso";228750;24;"KGL";"QUILOGRAMA LIQUIDO";"28439030_2018";9531,25
"2018";"Lítio";"25309010";"Espodumênio";1733154;3060,464;"TML";"TONELADA METRICA LIQUIDA";"25309010_2018";590,6
"2018";"Lítio";"85076000";"Acumuladores eletricos de ion de litio";1085875;178533;"UNID.";"NUMERO (UNIDADE)";"85076000_2018";29,6667
"2018";"Lítio";"85065010";"Pilhas e baterias de pilhas, elétricas, de lítio, com volume exterior não superior a 300 cm3";156952;102841;"UNID.";"NUMERO (UNIDADE)";"85065010_2018";7,0334
"2018";"Lítio";"85065090";"Outras pilhas e baterias de pilhas, elétricas, de lítio";133496;104098;"UNID.";"NUMERO (UNIDADE)";"85065090_2018";78
"2018";"Magnésio";"25199090";"Magnésia calcinada a fundo e outros óxidos de magnésio";134004578;263502090;"KGL";"QUILOGRAMA LIQUIDO";"25199090_2018";0,3405
"2018";"Magnésio";"38160011";"Cimento/argamassa, a base de magnesita calcinada, refratrário";6766537;11462257;"KGL";"QUILOGRAMA LIQUIDO";"38160011_2018";0,7054
"2018";"Magnésio";"25199010";"Magnésia eletrofundida";1110490;456000;"KGL";"QUILOGRAMA LIQUIDO";"25199010_2018";2,4192
"2018";"Magnésio";"81041900";"Outras formas brutas de magnésio";649000;160000;"KGL";"QUILOGRAMA LIQUIDO";"81041900_2018";4,25
"2018";"Magnésio";"28332100";"Sulfato de magnésio";552321;849948;"KGL";"QUILOGRAMA LIQUIDO";"28332100_2018";0,6641
"2018";"Magnésio";"28369911";"Carbonatos de magnésio, de densidade aparente inferior a 200 kg/m3";200407;116910;"KGL";"QUILOGRAMA LIQUIDO";"28369911_2018";1,7401
"2018";"Magnésio";"28419082";"Aluminato de magnésio";191488;148932;"KGL";"QUILOGRAMA LIQUIDO";"28419082_2018";1,239
"2018";"Magnésio";"81043000";"Aparas, resíduos de torno e grânulos, calibrados; pós, de magnésio";162781;40000;"KGL";"QUILOGRAMA LIQUIDO";"81043000_2018";4,0352
"2018";"Magnésio";"28273190";"Outros cloretos de magnésio";59093;90873;"KGL";"QUILOGRAMA LIQUIDO";"28273190_2018";9,9796
"2018";"Magnésio";"28161010";"Hidróxido de magnésio";51562;33040;"KGL";"QUILOGRAMA LIQUIDO";"28161010_2018";1,5232
"2018";"Manganês";"26020090";"Outros minérios de manganês e seus concentrados, incluindo os minérios de manganês ferruginosos e seus concentrados, de teor em manganês de 20 % ou mais, em peso, sobre o produto seco";394094855;19610921,743;"TML";"TONELADA METRICA LIQUIDA";"26020090_2018";194,25
"2018";"Manganês";"72023000";"Ferro-silício-manganês";53975620;48036,796;"TML";"TONELADA METRICA LIQUIDA";"72023000_2018";1116,1
"2018";"Manganês";"26020010";"Minérios de manganês e seus concentrados, incluindo os minérios de manganês ferruginosos e seus concentrados, de teor em manganês de 20 % ou mais, em peso, sobre o produto seco, aglomerados";12692652;74600,21;"TML";"TONELADA METRICA LIQUIDA";"26020010_2018";170
"2018";"Manganês";"38089293";"Fungicida à base de mancozeb ou de maneb";9815425;2425,318;"TML";"TONELADA METRICA LIQUIDA";"38089293_2018";4172,8
"2018";"Manganês";"72021100";"Ferro-manganês, que contenham, em peso, mais de 2 % de carbono";9170833;7962,795;"TML";"TONELADA METRICA LIQUIDA";"72021100_2018";1171,1
"2018";"Manganês";"28209010";"Óxido manganoso";8576430;11826,602;"TML";"TONELADA METRICA LIQUIDA";"28209010_2018";734,1
"2018";"Manganês";"85061020";"Outras pilhas, de dióxido de manganês";6586876;62616856;"UNID.";"NUMERO (UNIDADE)";"85061020_2018";0,1862
"2018";"Manganês";"85061010";"Pilhas alcalinas, de dióxido de manganês";2389007;17352229;"UNID.";"NUMERO (UNIDADE)";"85061010_2018";0,9167
"2018";"Manganês";"72021900";"Outras ligas de ferro-manganês";797922;433,524;"TML";"TONELADA METRICA LIQUIDA";"72021900_2018";3845,2
"2018";"Manganês";"28201000";"Dióxido de manganês";554615;589,363;"TML";"TONELADA METRICA LIQUIDA";"28201000_2018";950
"2018";"Materiais Radioativos";"28442000";"Urânio enriquecido em U235 e seus compostos; plutônio e seus compostos; ligas, dispersões (incluindo os ceramais (cermets)), produtos cerâmicos e misturas que contenham urânio enriquecido em U235, plutônio ou compostos destes produtos";3411737;3436;"KGL";"QUILOGRAMA LIQUIDO";"28442000_2018";992,9386
"2018";"Materiais Radioativos";"28444090";"Outros elementos, isotopos e compostos, radioativos, etc.";523878;13426;"KGL";"QUILOGRAMA LIQUIDO";"28444090_2018";61,4045
"2018";"Materiais Radioativos";"28444020";"Cobalto 60";148660;10;"KGL";"QUILOGRAMA LIQUIDO";"28444020_2018";14746
"2018";"Mercúrio";"28521014";"Cloreto de mercúrio ii (cloreto mercúrico), em outro modo";436;1;"KGL";"QUILOGRAMA LIQUIDO";"28521014_2018";436
"2018";"Mercúrio";"28521019";"Outros compostos inorgânicos de mercúrio";55;1;"KGL";"QUILOGRAMA LIQUIDO";"28521019_2018";55
"2018";"Mercúrio";"85063010";"Pilhas e baterias de pilhas, de óxido de mercúrio, com volume exterior não superior a 300 cm3";10;1;"UNID.";"NUMERO (UNIDADE)";"85063010_2018";10
"2018";"Metais Preciosos - Diversos";"71129900";"Outros resíduos/desperdícios, de outros metais preciosos, etc";190109003;8219355;"KGL";"QUILOGRAMA LIQUIDO";"71129900_2018";4,8405
"2018";"Metais Preciosos - Diversos";"28439090";"Outros compostos inorgânicos/orgânicos, amálgamas, de metais preciosos";73108992;14354;"KGL";"QUILOGRAMA LIQUIDO";"28439090_2018";72,8125
"2018";"Metais Preciosos - Diversos";"71159000";"Outras obras de metais preciosos, metais folheados/chapeados preciosos";38462940;78565333;"KGL";"QUILOGRAMA LIQUIDO";"71159000_2018";370,6815
"2018";"Metais Preciosos - Diversos";"38151210";"Catalisadores em suporte, tendo como substância ativa um metal precioso ou um composto de metal precioso, em colméia cerâmica ou metálica para conversão catalítica de gases de escape de veículos";31494417;170169;"KGL";"QUILOGRAMA LIQUIDO";"38151210_2018";136,6624
"2018";"Metais Preciosos - Diversos";"71131900";"Artefatos de joalharia, de outros metais preciosos, mesmo revestidos, folheados ou chapeados de metais preciosos (plaquê)";26572758;5251;"KGL";"QUILOGRAMA LIQUIDO";"71131900_2018";1204
"2018";"Metais Preciosos - Diversos";"38151900";"Outros catalizadores em suporte";8233741;1175830;"KGL";"QUILOGRAMA LIQUIDO";"38151900_2018";7,0294
"2018";"Metais Preciosos - Diversos";"28431000";"Metais preciosos no estado coloidal";6262504;14455;"KGL";"QUILOGRAMA LIQUIDO";"28431000_2018";463,1143
"2018";"Metais Preciosos - Diversos";"71132000";"Artefatos de joalharia, de metais comuns folheados ou chapeados de metais preciosos (plaquê)";3077357;87302;"KGL";"QUILOGRAMA LIQUIDO";"71132000_2018";85,25
"2018";"Metais Preciosos - Diversos";"99997104";"Outros artigos do capitulo 71 da NCM";956981;3044;"KGL";"QUILOGRAMA LIQUIDO";"99997104_2018";340
"2018";"Metais Preciosos - Diversos";"91011100";"Relógios de pulso, com caixa de metais preciosos, funcionando eletricamente, mesmo com contador de tempo incorporado, de mostrador exclusivamente mecânico";625306;238;"UNID.";"NUMERO (UNIDADE)";"91011100_2018";56
"2018";"Mica";"68141000";"Placas, folhas ou tiras, de mica aglomerada ou reconstituída, mesmo com suporte";4987897;675058;"KGL";"QUILOGRAMA LIQUIDO";"68141000_2018";10,9004
"2018";"Mica";"25251000";"Mica em bruto ou clivada em folhas ou lamelas irregulares (splittings)";2585543;3763011;"KGL";"QUILOGRAMA LIQUIDO";"25251000_2018";0,6809
"2018";"Mica";"25252000";"Mica em pó";97984;124706;"KGL";"QUILOGRAMA LIQUIDO";"25252000_2018";1
"2018";"Mica";"68149000";"Outras obras de mica ou mica trabalhada";35661;744;"KGL";"QUILOGRAMA LIQUIDO";"68149000_2018";50,8571
"2018";"Minerais Abrasivos - Diversos";"68042211";"Mós de outros abrasivos aglomerados ou de cerâmica, de diâmetro inferior a 53,34 cm, aglomerados com resina";26169843;7549699;"KGL";"QUILOGRAMA LIQUIDO";"68042211_2018";9,591
"2018";"Minerais Abrasivos - Diversos";"68052000";"Abrasivos naturais ou artificiais, em pó ou em grãos, aplicados sobre matérias têxteis, papel, cartão ou outras matérias, mesmo recortados, costurados ou reunidos de outro modo, aplicados apenas sobre papel ou cartão";14936918;3494505;"KGL";"QUILOGRAMA LIQUIDO";"68052000_2018";7,5327
"2018";"Minerais Abrasivos - Diversos";"68053090";"Outros abrasivos naturais/artificiais em pó/grãos aplicados sobre outras matérias têxteis";6625551;774146;"KGL";"QUILOGRAMA LIQUIDO";"68053090_2018";14
"2018";"Minerais Abrasivos - Diversos";"68051000";"Abrasivos naturais ou artificiais, em pó ou em grãos, aplicados sobre matérias têxteis, papel, cartão ou outras matérias, mesmo recortados, costurados ou reunidos de outro modo, aplicados apenas sobre tecidos de matérias têxteis";6012022;28477080;"KGL";"QUILOGRAMA LIQUIDO";"68051000_2018";8,25
"2018";"Minerais Abrasivos - Diversos";"68042290";"Outros mós de outros abrasivos aglomerados ou de cerâmica";3342955;205033;"KGL";"QUILOGRAMA LIQUIDO";"68042290_2018";10,3846
"2018";"Minerais Abrasivos - Diversos";"68053020";"Discos abrasivos de fibra vulcanizada, recobertos com óxido de alumínio ou carboneto de silício";2114713;333333;"KGL";"QUILOGRAMA LIQUIDO";"68053020_2018";8,321
"2018";"Minerais Abrasivos - Diversos";"68042219";"Outros mós de outros abrasivos aglomerados ou de cerâmica, de diâmetro inferior a 53,34 cm";1821331;390162;"KGL";"QUILOGRAMA LIQUIDO";"68042219_2018";8,5069
"2018";"Minerais Abrasivos - Diversos";"25132000";"Esmeril, corindo natural, granada natural e outros abrasivos naturais";1395378;47463;"KGL";"QUILOGRAMA LIQUIDO";"25132000_2018";29,8266
"2018";"Minerais Abrasivos - Diversos";"68043000";"Pedras para amolar ou para polir, manualmente";891311;228407;"KGL";"QUILOGRAMA LIQUIDO";"68043000_2018";12,7784
"2018";"Minerais Abrasivos - Diversos";"68053010";"Abrasivos naturais ou artificiais, com suporte de papel ou cartão combinados com matérias têxteis";433421;60062;"KGL";"QUILOGRAMA LIQUIDO";"68053010_2018";5,0954
"2018";"Minerais Abrasivos - Outros";"25131000";"Pedra-pomes; esmerilhado/outros abrasivos naturais tratamento térmico";4645;466;"KGL";"QUILOGRAMA LIQUIDO";"25131000_2018";8,8538
"2018";"Minerais Metálicos - Diversos";"93062100";"Cartuchos para espingardas ou carabinas de cano liso";195935715;8184170;"KGL";"QUILOGRAMA LIQUIDO";"93062100_2018";15,5662
"2018";"Minerais Metálicos - Diversos";"81129900";"Obras de gálio, hafnio, índio, nióbio, renio e tálio";140061536;3113568;"KGL";"QUILOGRAMA LIQUIDO";"81129900_2018";45,7624
"2018";"Minerais Metálicos - Diversos";"93033000";"Outras espingardas e carabinas de caça ou de tiro ao alvo";139031539;860975;"UNID.";"NUMERO (UNIDADE)";"93033000_2018";232
"2018";"Minerais Metálicos - Diversos";"83099000";"Rolhas, outras tampas e acessórios para embalagem, de metais comuns";106951916;30064432;"KGL";"QUILOGRAMA LIQUIDO";"83099000_2018";8,1648
"2018";"Minerais Metálicos - Diversos";"68138190";"Outras guarnições para freios";81417054;35328635;"KGL";"QUILOGRAMA LIQUIDO";"68138190_2018";3,519
"2018";"Minerais Metálicos - Diversos";"28259090";"Óxidos, hidróxidos e peróxidos de outros metais, etc.";75532094;10187678;"KGL";"QUILOGRAMA LIQUIDO";"28259090_2018";35,8212
"2018";"Minerais Metálicos - Diversos";"82075011";"Brocas helicoidais, com diâmetro inferior ou igual a 52 mm, de metais comuns, inclusive diamantada";52901695;1327578;"KGL";"QUILOGRAMA LIQUIDO";"82075011_2018";31,7086
"2018";"Minerais Metálicos - Diversos";"82121020";"Aparelhos de barbear, não elétricos";45696532;196153532;"UNID.";"NUMERO (UNIDADE)";"82121020_2018";0,2789
"2018";"Minerais Metálicos - Diversos";"82073000";"Ferramentas de embutir, de estampar ou de puncionar";39413336;2313097;"KGL";"QUILOGRAMA LIQUIDO";"82073000_2018";56,0893
"2018";"Minerais Metálicos - Diversos";"94019090";"Partes para assentos, de outras matérias";36986426;6413095;"KGL";"QUILOGRAMA LIQUIDO";"94019090_2018";21,6464
"2018";"Minerais Metálicos - Outros";"26209990";"Cinzas e resíduos, contendo outros metais";155023;790976;"KGL";"QUILOGRAMA LIQUIDO";"26209990_2018";0,1497
"2018";"Minerais Metálicos - Outros";"26179000";"Outros minérios e seus concentrados";94543;85937;"KGL";"QUILOGRAMA LIQUIDO";"26179000_2018";0,2925
"2018";"Minerais Metálicos - Outros";"28051990";"Outros metais alcalinos ou alcalinoterrosos";15103;10080;"KGL";"QUILOGRAMA LIQUIDO";"28051990_2018";1,4673
"2018";"Minerais Refratários - Diversos";"68159110";"Obras que contenham magnesita, dolomita ou cromita, crus, aglomerados com aglutinante químico";44151598;26050763;"KGL";"QUILOGRAMA LIQUIDO";"68159110_2018";1,8561
"2018";"Minerais Refratários - Diversos";"69021018";"Outros tijolos refratários magnesianos ou à base de óxido de cromo";36276823;28493370;"KGL";"QUILOGRAMA LIQUIDO";"69021018_2018";1,3637
"2018";"Minerais Refratários - Diversos";"69022099";"Outras peças cerâmicas refratária, que contenham, em peso, mais de 50 % de alumina (Al2O3), de sílica (SiO2) ou de uma mistura ou combinação destes produtos";11998630;5059473;"KGL";"QUILOGRAMA LIQUIDO";"69022099_2018";3,4946
"2018";"Minerais Refratários - Diversos";"69032090";"Outros produtos cerâmicos refratários, que contenham, em peso, mais de 50 % de alumina (Al2O3) ou de uma mistura ou combinação de alumina e sílica (SiO2)";7277734;1616746;"KGL";"QUILOGRAMA LIQUIDO";"69032090_2018";7,2222
"2018";"Minerais Refratários - Diversos";"69022010";"Tijolos sílico-aluminosos, refratrários";2118507;3413525;"KGL";"QUILOGRAMA LIQUIDO";"69022010_2018";0,5181
"2018";"Minerais Refratários - Diversos";"69032020";"Tampas e tampões refratários, que contenham, em peso, mais de 50 % de alumina (Al2O3) ou de uma mistura ou combinação de alumina e sílica (SiO2)";1565813;377553;"KGL";"QUILOGRAMA LIQUIDO";"69032020_2018";5,6814
"2018";"Minerais Refratários - Diversos";"69032030";"Tubos refratrários, que contenham, em peso, mais de 50 % de alumina (Al2O3) ou de uma mistura ou combinação de alumina e sílica (SiO2)";1527328;190825;"KGL";"QUILOGRAMA LIQUIDO";"69032030_2018";7,8904
"2018";"Minerais Refratários - Diversos";"69032010";"Cadinhos refratrários, que contenham, em peso, mais de 50 % de alumina (Al2O3) ou de uma mistura ou combinação de alumina e sílica (SiO2)";274795;62339;"KGL";"QUILOGRAMA LIQUIDO";"69032010_2018";4,3042
"2018";"Minerais Refratários - Diversos";"69022091";"Outras peças cerâmicas refratárias silico-aluminosos";107801;48282;"KGL";"QUILOGRAMA LIQUIDO";"69022091_2018";2,5098
"2018";"Minerais Refratários - Diversos";"69021019";"Outras peças cerâmicas refratrárias magnesianas ou à base de óxido de cromo";95515;71037;"KGL";"QUILOGRAMA LIQUIDO";"69021019_2018";1,391
"2018";"Minerais Refratários - Outros";"25085000";"Andaluzita, cianita e silimanita";23638;29030;"KGL";"QUILOGRAMA LIQUIDO";"25085000_2018";0,7712
"2018";"Minerais Refratários - Outros";"69022093";"Outras peças cerâmicas refratárias de silimanita";294;40;"KGL";"QUILOGRAMA LIQUIDO";"69022093_2018";7,35
"2018";"Minerais Refratários - Outros";"38160012";"Cimento e argamassa, à base de silimanita, refratrários";292;106;"KGL";"QUILOGRAMA LIQUIDO";"38160012_2018";23,08
"2018";"Molibdênio";"81029700";"Desperdícios e resíduos de molibdênio";2432100;259376;"KGL";"QUILOGRAMA LIQUIDO";"81029700_2018";7,1051
"2018";"Molibdênio";"26131010";"Molibdenita ustulada (minérios de molibdênio)";1048932;78000;"KGL";"QUILOGRAMA LIQUIDO";"26131010_2018";13,4478
"2018";"Molibdênio";"72027000";"Ferro-molibdênio";705925;40733;"KGL";"QUILOGRAMA LIQUIDO";"72027000_2018";18,5256
"2018";"Molibdênio";"26139090";"Outros minérios de molibdênio não ustulados e concentrados";277056;352503;"KGL";"QUILOGRAMA LIQUIDO";"26139090_2018";0,7962
"2018";"Molibdênio";"26131090";"Outros minérios de molibdênio, ustulados, seus concentrados";67916;79633;"KGL";"QUILOGRAMA LIQUIDO";"26131090_2018";0,8529
"2018";"Molibdênio";"81029900";"Outras obras de molibdênio";14756;7;"KGL";"QUILOGRAMA LIQUIDO";"81029900_2018";2108
"2018";"Molibdênio";"81029500";"Barras de molibdênio, exceto as simplesmente obtidas por sinterização, perfis, chapas, tiras e folhas";1811;0;"KGL";"QUILOGRAMA LIQUIDO";"81029500_2018";NA
"2018";"Molibdênio";"81029600";"Fios de molibdênio";588;4;"KGL";"QUILOGRAMA LIQUIDO";"81029600_2018";147
"2018";"Nióbio";"72029300";"Ferro-nióbio";2011633328;93085,794;"TML";"TONELADA METRICA LIQUIDA";"72029300_2018";20715,5
"2018";"Níquel";"72026000";"Ferro-níquel";640051981;150964,798;"TML";"TONELADA METRICA LIQUIDA";"72026000_2018";3536
"2018";"Níquel";"75051210";"Barras de ligas de níquel";36242353;1495,652;"TML";"TONELADA METRICA LIQUIDA";"75051210_2018";26934,8
"2018";"Níquel";"75052200";"Fios de ligas de níquel";7444853;304,234;"TML";"TONELADA METRICA LIQUIDA";"75052200_2018";36837,9
"2018";"Níquel";"75089090";"Outras obras de níquel";4327045;7,354;"TML";"TONELADA METRICA LIQUIDA";"75089090_2018";756416,65
"2018";"Níquel";"75030000";"Desperdícios e resíduos, de níquel";2248824;733,8;"TML";"TONELADA METRICA LIQUIDA";"75030000_2018";2871,4
"2018";"Níquel";"75071200";"Tubos de ligas de níquel";1369408;40,397;"TML";"TONELADA METRICA LIQUIDA";"75071200_2018";60516
"2018";"Níquel";"85073090";"Outros acumuladores elétricos, de níquel-cádmio";951592;210;"UNID.";"NUMERO (UNIDADE)";"85073090_2018";1105
"2018";"Níquel";"85073019";"Outros acumuladores elétricos, de níquel-cádmio, peso <= 2500 kg";269160;91;"UNID.";"NUMERO (UNIDADE)";"85073019_2018";2245
"2018";"Níquel";"28254090";"Outros óxidos e hidróxidos de níquel";259002;209,348;"TML";"TONELADA METRICA LIQUIDA";"28254090_2018";3010,2
"2018";"Níquel";"85073011";"Acumuladores elétricos de níquel-cádmio, peso <= 2500 kg, capacidade <= 15 ah";213185;1730;"UNID.";"NUMERO (UNIDADE)";"85073011_2018";30
"2018";"Ouro";"71081310";"Ouro em barras, fios e perfis de seção maciça";1866896130;47034;"KGL";"QUILOGRAMA LIQUIDO";"71081310_2018";39077,8409
"2018";"Ouro";"71081210";"Bulhão dourado (bullion doré), em formas brutas, para uso não monetário";936874176;31198;"KGL";"QUILOGRAMA LIQUIDO";"71081210_2018";33638,1724
"2018";"Ouro";"99997103";"Joalheria de ouro do capitulo 71 da NCM";20693766;45;"KGL";"QUILOGRAMA LIQUIDO";"99997103_2018";1817
"2018";"Ouro";"71081290";"Ouro em outras formas brutas, para uso não monetário";7738579;329;"KGL";"QUILOGRAMA LIQUIDO";"71081290_2018";20500
"2018";"Ouro";"71081390";"Ouro em outras formas semimanufaturadas, bulhão dourado, uso não monetário";1222534;31;"KGL";"QUILOGRAMA LIQUIDO";"71081390_2018";38566,3035
"2018";"Ouro";"71129100";"Outros resíduos/desperdícios de ouro, de metais folheados ou chapeados (plaquê) de ouro, exceto varreduras que contenham outros metais preciosos";339012;19099;"KGL";"QUILOGRAMA LIQUIDO";"71129100_2018";523
"2018";"Ouro";"28433090";"Outros compostos de ouro, exclusivamente auranofina, etc.";115879;4;"KGL";"QUILOGRAMA LIQUIDO";"28433090_2018";28969,75
"2018";"Ouro";"71123010";"Cinzas que contenham ouro, mas que não contenham outros metais preciosos";45067;0;"KGL";"QUILOGRAMA LIQUIDO";"71123010_2018";NA
"2018";"Paládio";"71102100";"Paládio em formas brutas ou em pó";1748460;56;"KGL";"QUILOGRAMA LIQUIDO";"71102100_2018";30960,1429
"2018";"Paládio";"71102900";"Paladio em formas semimanufaturadas";19194;1;"KGL";"QUILOGRAMA LIQUIDO";"71102900_2018";19194
"2018";"Platina";"71151000";"Telas ou grades catalisadoras, de platina";44028159;1343;"KGL";"QUILOGRAMA LIQUIDO";"71151000_2018";32512,9778
"2018";"Platina";"71129200";"Outros resíduos/desperdícios de platina, de metais folheados ou chapeados (plaquê) de platina, exceto varreduras que contenham outros metais preciosos";948216;23598;"KGL";"QUILOGRAMA LIQUIDO";"71129200_2018";19,2437
"2018";"Platina";"71101100";"Platina, em formas brutas ou em pó";347171;10211;"KGL";"QUILOGRAMA LIQUIDO";"71101100_2018";27338
"2018";"Platina";"71101910";"Platina, em barras, fios e perfis de seção maciça";232770;1;"KGL";"QUILOGRAMA LIQUIDO";"71101910_2018";29152
"2018";"Platina (Grupo) - Diversos";"71104100";"Irídio, ósmio e rutênio, em formas brutas ou em pó";234298;1508;"KGL";"QUILOGRAMA LIQUIDO";"71104100_2018";155,37
"2018";"Potássio";"31059090";"Outros adubos/fertilizantes minerais químicos com nitrogênio e potássio";11331226;4970391,14;"TML";"TONELADA METRICA LIQUIDA";"31059090_2018";2802,8
"2018";"Potássio";"28276012";"Iodetos de potássio";9142838;454,052;"TML";"TONELADA METRICA LIQUIDA";"28276012_2018";20942
"2018";"Potássio";"28152000";"Hidróxido de potássio (potassa cáustica)";5879543;9190,755;"TML";"TONELADA METRICA LIQUIDA";"28152000_2018";850
"2018";"Potássio";"31042010";"Cloreto de potássio, com teor de óxido de potássio (K2O) não superior a 60 %, em peso";1851345;3893,813;"TML";"TONELADA METRICA LIQUIDA";"31042010_2018";472
"2018";"Potássio";"31042090";"Outros cloretos de potássio";1215166;2501,962;"TML";"TONELADA METRICA LIQUIDA";"31042090_2018";1052,2
"2018";"Potássio";"31043090";"Outros sulfatos de potássio";809159;590,197;"TML";"TONELADA METRICA LIQUIDA";"31043090_2018";1300
"2018";"Potássio";"28299031";"Iodatos de potássio";788029;44,476;"TML";"TONELADA METRICA LIQUIDA";"28299031_2018";17932
"2018";"Potássio";"31049090";"Outros adubos ou fertilizantes minerais/químicos, potássicos";498653;811,105;"TML";"TONELADA METRICA LIQUIDA";"31049090_2018";2170
"2018";"Potássio";"28269010";"Fluoraluminato de potássio";494332;1370,602;"TML";"TONELADA METRICA LIQUIDA";"28269010_2018";384,8
"2018";"Potássio";"28364000";"Carbonatos de potássio";277612;267;"TML";"TONELADA METRICA LIQUIDA";"28364000_2018";970
"2018";"Prata";"28432100";"Nitrato de prata";26130869;77,878;"TML";"TONELADA METRICA LIQUIDA";"28432100_2018";334275
"2018";"Prata";"28432990";"Outros compostos de prata";8300191;28,921;"TML";"TONELADA METRICA LIQUIDA";"28432990_2018";293535,6
"2018";"Prata";"26161000";"Minérios de prata e seus concentrados";3017506;1070,286;"TML";"TONELADA METRICA LIQUIDA";"26161000_2018";2682,8
"2018";"Prata";"71069220";"Prata, em chapas, lâminas, folhas e tiras";1096248;3,715;"TML";"TONELADA METRICA LIQUIDA";"71069220_2018";333082,75
"2018";"Prata";"71131100";"Artefatos de joalharia, de prata, mesmo revestida, folheada ou chapeada de outros metais preciosos (plaquê)";1048371;301,053;"TML";"TONELADA METRICA LIQUIDA";"71131100_2018";104750
"2018";"Prata";"71069210";"Prata,em barras, fios e perfis de seção maciça";615019;53268,434;"TML";"TONELADA METRICA LIQUIDA";"71069210_2018";356500
"2018";"Prata";"71069290";"Prata, em outras formas semimanufaturadas";427456;3,679;"TML";"TONELADA METRICA LIQUIDA";"71069290_2018";98000
"2018";"Prata";"71070000";"Metais comuns folheados ou chapeados (plaquê) de prata, em formas brutas ou semimanufaturadas";37917;114,012;"TML";"TONELADA METRICA LIQUIDA";"71070000_2018";333,85
"2018";"Prata";"71141100";"Artefatos de ourivesaria, de prata, mesmo revestida, folheada ou chapeada de outros metais preciosos (plaquê)";12953;0,131;"TML";"TONELADA METRICA LIQUIDA";"71141100_2018";566700
"2018";"Prata";"71069100";"Prata, em formas brutas";1182;0,007;"TML";"TONELADA METRICA LIQUIDA";"71069100_2018";168857,1
"2018";"Quartzo (Cristal)";"25061000";"Quartzo";6644096;19276116;"KGL";"QUILOGRAMA LIQUIDO";"25061000_2018";0,6133
"2018";"Quartzo (Cristal)";"85044021";"Retificadores, exceto carregadores de acumuladores, de cristal (semicondutores)";4919759;206191;"UNID.";"NUMERO (UNIDADE)";"85044021_2018";19,8503
"2018";"Quartzo (Cristal)";"85416010";"Cristais piezelétricos montados, de quartzo, de frequência superior ou igual a 1 MHz, mas inferior ou igual a 100 MHz";141136;1735900;"UNID.";"NUMERO (UNIDADE)";"85416010_2018";0,1044
"2018";"Quartzo (Cristal)";"85181010";"Piezelétricos próprios para aparelhos telefônicos";16729;8720;"UNID.";"NUMERO (UNIDADE)";"85181010_2018";8,0244
"2018";"Quartzo (Cristal)";"85182910";"Piezelétricos próprios para aparelhos telefônicos";1626;8036;"UNID.";"NUMERO (UNIDADE)";"85182910_2018";1,2117
"2018";"Rochas Betuminosas";"27150000";"Misturas betuminosas à base de asfalto ou de betume naturais, de betume de petróleo, de alcatrão mineral ou de breu de alcatrão mineral (por exemplo, mástiques betuminosos e cut-backs)";6795775;11320937;"KGL";"QUILOGRAMA LIQUIDO";"27150000_2018";0,8569
"2018";"Rochas Betuminosas";"68079000";"Outras obras de asfalto ou de produtos semelhantes (por exemplo, breu ou pez)";3101036;3518762;"KGL";"QUILOGRAMA LIQUIDO";"68079000_2018";1,6412
"2018";"Rochas Betuminosas";"68071000";"Obras de asfalto ou de produtos semelhantes (por exemplo, breu ou pez), em rolos";1946242;1720458;"KGL";"QUILOGRAMA LIQUIDO";"68071000_2018";2,2018
"2018";"Rochas Betuminosas";"27149000";"Betumes, asfaltos naturais, asfaltitas, rochas asfálticas";48451;104970;"KGL";"QUILOGRAMA LIQUIDO";"27149000_2018";4,5895
"2018";"Rochas Betuminosas";"48111090";"Outros papéis e cartões de celulose, alcatroados, betumados ou asfaltados, em rolos ou em folhas de forma quadrada ou retangular";44458;107023;"KGL";"QUILOGRAMA LIQUIDO";"48111090_2018";3
"2018";"Rochas Betuminosas";"27141000";"Xistos e areias betuminosos";1550;155;"KGL";"QUILOGRAMA LIQUIDO";"27141000_2018";10
"2018";"Rochas Betuminosas";"27090090";"Óleos brutos de minerais betuminosos";857;121;"M3";"METRO CUBICO";"27090090_2018";29,85
"2018";"Rochas Betuminosas";"48111010";"Papel e cartão de celulose, alcatroados, betumados ou asfaltados, em tiras ou rolos de largura não superior a 15 cm ou em folhas em que nenhum lado exceda 360 mm, quando não dobradas, em rolos ou em folhas de forma quadrada ou retangular";259;4;"KGL";"QUILOGRAMA LIQUIDO";"48111010_2018";64,75
"2018";"Rochas Britadas e Cascalho";"25171000";"Calhaus, cascalho, pedras britadas, dos tipos geralmente usados em concreto ou para empedramento de estradas, de vias férreas ou outros balastros, seixos rolados e sílex, mesmo tratados termicamente";1204111;77459786;"KGL";"QUILOGRAMA LIQUIDO";"25171000_2018";0,0178
"2018";"Rochas Britadas e Cascalho";"25174900";"Grânulos, lascas e pós, das pedras das posições 25.15 ou 25.16, mesmo tratados termicamente, de outras pedras de cantaria";351852;23756812;"KGL";"QUILOGRAMA LIQUIDO";"25174900_2018";0,0274
"2018";"Rochas Britadas e Cascalho";"25174100";"Grânulos, lascas e pós, das pedras das posições 25.15 ou 25.16, mesmo tratados termicamente, de mármore";1346;80;"KGL";"QUILOGRAMA LIQUIDO";"25174100_2018";16,825
"2018";"Rochas e Minerais Industriais - Diversos";"38249979";"Outros produtos e preparações à base de elementos químicos ou de seus compostos inorgânicos, não especificados nem compreendidos noutras posições";14783466;5576950;"KGL";"QUILOGRAMA LIQUIDO";"38249979_2018";4,3986
"2018";"Rochas e Minerais Industriais - Diversos";"31051000";"Produtos do presente Capítulo (adubos ou fertilizantes) apresentados em tabletes ou formas semelhantes, ou ainda em embalagens com peso bruto não superior a 10 kg";9794878;1221655;"KGL";"QUILOGRAMA LIQUIDO";"31051000_2018";8,9317
"2018";"Rochas e Minerais Industriais - Diversos";"38244000";"Aditivos preparados para cimentos, argamassas ou concretos";6968794;4731855;"KGL";"QUILOGRAMA LIQUIDO";"38244000_2018";2,26
"2018";"Rochas e Minerais Industriais - Diversos";"68159990";"Outras obras de pedras ou de outras matérias minerais";5656775;921356;"KGL";"QUILOGRAMA LIQUIDO";"68159990_2018";8,8084
"2018";"Rochas e Minerais Industriais - Diversos";"38029090";"Outras matérias minerais naturais ativadas, etc.";4715689;1693922;"KGL";"QUILOGRAMA LIQUIDO";"38029090_2018";2,888
"2018";"Rochas e Minerais Industriais - Diversos";"32071090";"Outros pigmentos, opacificantes/cores, preparados e preparações";3791777;1693194;"KGL";"QUILOGRAMA LIQUIDO";"32071090_2018";18
"2018";"Rochas e Minerais Industriais - Diversos";"94069090";"Outras construções pré-fabricadas, exceto de madeira";3275489;811868;"KGL";"QUILOGRAMA LIQUIDO";"94069090_2018";2,6072
"2018";"Rochas e Minerais Industriais - Diversos";"25309090";"Outras matérias minerais";1187966;5937173;"KGL";"QUILOGRAMA LIQUIDO";"25309090_2018";0,209
"2018";"Rochas e Minerais Industriais - Diversos";"28500090";"Hidretos, azidas, boretos e outros nitretos e silicietos";905846;37759;"KGL";"QUILOGRAMA LIQUIDO";"28500090_2018";64,6061
"2018";"Rochas e Minerais Industriais - Diversos";"85416090";"Outros cristais piezoelétricos montados";350704;3509243;"UNID.";"NUMERO (UNIDADE)";"85416090_2018";0,1816
"2018";"Rochas e Minerais Industriais - Outros";"28369919";"Outros carbonatos";2841396;93882;"KGL";"QUILOGRAMA LIQUIDO";"28369919_2018";40,3188
"2018";"Rochas e Minerais Industriais - Outros";"28421010";"Zeólitas dos tipos utilizados como trocadores de íons para o tratamento de águas";214664;62385;"KGL";"QUILOGRAMA LIQUIDO";"28421010_2018";4,06
"2018";"Rochas e Minerais Industriais - Outros";"25293000";"Leucita; nefelina e nefelina-sienito";6984;8300;"KGL";"QUILOGRAMA LIQUIDO";"25293000_2018";0,89
"2018";"Rochas e Minerais Industriais - Outros";"28369920";"Peroxocarbonatos (percarbonatos)";272;44;"KGL";"QUILOGRAMA LIQUIDO";"28369920_2018";6,1818
"2018";"Rochas Ornamentais";"68029390";"Outros granitos trabalhados de outro modo e suas obras";468023086;780909,69;"TML";"TONELADA METRICA LIQUIDA";"68029390_2018";602,7
"2018";"Rochas Ornamentais";"25161200";"Granito, simplesmente cortado a serra ou por outro meio, em blocos ou placas de forma quadrada ou retangular";163490334;421307;"M3";"METRO CUBICO";"25161200_2018";936,1895
"2018";"Rochas Ornamentais";"68029990";"Outras pedras de cantaria, etc, trabalhadas de outro modo e obra";124525663;59382,552;"TML";"TONELADA METRICA LIQUIDA";"68029990_2018";2012,15
"2018";"Rochas Ornamentais";"68022900";"Outras pedras de cantaria, simplesmente talhadas ou serradas, de superfície plana ou lisa";56853788;1652320;"M2";"METRO QUADRADO";"68022900_2018";50,9026
"2018";"Rochas Ornamentais";"68029100";"Mármore, travertino e alabastro, trabalhado de outro modo, e obras";44308149;43789,695;"TML";"TONELADA METRICA LIQUIDA";"68029100_2018";987,3
"2018";"Rochas Ornamentais";"68030000";"Ardósia natural trabalhada e obras de ardósia natural ou aglomerada";41058332;102477,735;"TML";"TONELADA METRICA LIQUIDA";"68030000_2018";452,25
"2018";"Rochas Ornamentais";"25062000";"Quartzitos, mesmo desbastados ou simplesmente cortados a serra ou por outro meio, em blocos ou placas de forma quadrada ou retangular";35664796;46632,669;"TML";"TONELADA METRICA LIQUIDA";"25062000_2018";625,45
"2018";"Rochas Ornamentais";"68022300";"Granito, simplesmente talhados ou serrados, de superfície plana ou lisa";23269822;1009377;"M2";"METRO QUADRADO";"68022300_2018";37,7595
"2018";"Rochas Ornamentais";"25161100";"Granito em bruto ou desbastado";10690967;12405;"M3";"METRO CUBICO";"25161100_2018";769,2308
"2018";"Rochas Ornamentais";"25151210";"Mármores, simplesmente cortados a serra ou por outro meio, em blocos ou placas de forma quadrada ou retangular";7309410;9101;"M3";"METRO CUBICO";"25151210_2018";1333,6346
"2018";"Rutênio";"28439020";"Tricloreto de rutênio em solução aquosa com uma concentração igual ou superior a 17 %, mas inferior ou igual a 27 %, em peso";33411;57;"KGL";"QUILOGRAMA LIQUIDO";"28439020_2018";586,1579
"2018";"Sal";"25010011";"Sal marinho, a granel, sem agregados";16710758;751299300;"KGL";"QUILOGRAMA LIQUIDO";"25010011_2018";0,1683
"2018";"Sal";"36020000";"Explosivos preparados, exceto pólvoras propulsivas";9821835;4150148;"KGL";"QUILOGRAMA LIQUIDO";"36020000_2018";1,8111
"2018";"Sal";"28151200";"Hidróxido de sódio (soda cáustica), em solução aquosa (lixívia de soda cáustica)";6920849;31703186;"KGL";"QUILOGRAMA LIQUIDO";"28151200_2018";0,3208
"2018";"Sal";"28371100";"Cianeto e oxicianeto de sódio";4903291;2344000;"KGL";"QUILOGRAMA LIQUIDO";"28371100_2018";2,226
"2018";"Sal";"28291100";"Cloratos de sódio";3725818;8484750;"KGL";"QUILOGRAMA LIQUIDO";"28291100_2018";0,4449
"2018";"Sal";"28363000";"Hidrogenocarbonato (bicarbonato) de sódio";1801996;4171516;"KGL";"QUILOGRAMA LIQUIDO";"28363000_2018";2
"2018";"Sal";"28391900";"Outros silicatos de sódio";1563314;3719569;"KGL";"QUILOGRAMA LIQUIDO";"28391900_2018";0,8344
"2018";"Sal";"28417020";"Molibdato de sódio";974880;78390;"KGL";"QUILOGRAMA LIQUIDO";"28417020_2018";14
"2018";"Sal";"28362010";"Carbonato dissódico anidro";681411;1611225;"KGL";"QUILOGRAMA LIQUIDO";"28362010_2018";0,434
"2018";"Sal";"28276011";"Iodetos de sódio";632264;31801;"KGL";"QUILOGRAMA LIQUIDO";"28276011_2018";20,3214
"2018";"Selênio";"28049000";"Selênio";165447;4200;"KGL";"QUILOGRAMA LIQUIDO";"28049000_2018";46,3238
"2018";"Silício";"28046900";"Outros silícios";477410232;190388393;"KGL";"QUILOGRAMA LIQUIDO";"28046900_2018";2,455
"2018";"Silício";"72022100";"Ferro-silício, que contenham, em peso, mais de 55 % de silício";183375168;103679872;"KGL";"QUILOGRAMA LIQUIDO";"72022100_2018";1,57
"2018";"Silício";"28492000";"Carbonetos de constituição química definida ou não, de silício";53436551;34679518;"KGL";"QUILOGRAMA LIQUIDO";"28492000_2018";1,2577
"2018";"Silício";"70191290";"Outras mechas de vidro, ligeiramente torcidas";38899778;32602728;"KGL";"QUILOGRAMA LIQUIDO";"70191290_2018";0,9923
"2018";"Silício";"70091000";"Espelhos retrovisores para veículos";31194473;2051579;"KGL";"QUILOGRAMA LIQUIDO";"70091000_2018";27,5367
"2018";"Silício";"70071100";"Vidros temperados, de segurança, de dimensões e formatos que permitam a sua aplicação em automóveis, veículos aéreos, barcos ou outros veículos";22830540;4173395;"UNID.";"NUMERO (UNIDADE)";"70071100_2018";39,4444
"2018";"Silício";"70052100";"Outro vidro não armado, corado na massa, opacificado, folheado (chapeado) ou simplesmente desbastado, em chapas ou folhas";16580253;6172062;"M2";"METRO QUADRADO";"70052100_2018";4,1836
"2018";"Silício";"32072099";"Outras composições vitrificáveis e preparações semelhantes";15563233;25002242;"KGL";"QUILOGRAMA LIQUIDO";"32072099_2018";0,7433
"2018";"Silício";"70023100";"Tubos de vidro, de quartzo ou de outras sílicas fundidos, não trabalhado";15228998;7401643;"KGL";"QUILOGRAMA LIQUIDO";"70023100_2018";2,1716
"2018";"Silício";"70072100";"Vidros de segurança, formados por folhas contracoladas, de dimensões e formatos que permitam a sua aplicação em automóveis, veículos aéreos, barcos ou outros veículos";14389962;232858;"UNID.";"NUMERO (UNIDADE)";"70072100_2018";121
"2018";"Talco";"25262000";"Esteatita natural, mesmo desbastada ou simplesmente cortada a serra ou por outro meio, em blocos ou placas de forma quadrada ou retangular, triturada ou em pó e talco";5955713;11694144;"KGL";"QUILOGRAMA LIQUIDO";"25262000_2018";0,5368
"2018";"Tântalo";"81039000";"Outras obras de tântalo";11520203;627,013;"TML";"TONELADA METRICA LIQUIDA";"81039000_2018";17249,25
"2018";"Tântalo";"81033000";"Desperdícios e resíduos de tântalo";642754;33,43;"TML";"TONELADA METRICA LIQUIDA";"81033000_2018";19226,9
"2018";"Tântalo";"85322111";"Condensador fixo elétrico, de tântalo, próprios para montagem em superfície (SMD - Surface Mounted Device), com tensão de isolação inferior ou igual a 125 V";94477;646212;"UNID.";"NUMERO (UNIDADE)";"85322111_2018";0,1042
"2018";"Tântalo";"85322190";"Outros condensadores fixos eletrolítico, de tântalo";4780;109;"UNID.";"NUMERO (UNIDADE)";"85322190_2018";20
"2018";"Tântalo";"85322119";"Outros condensadores fixos elétricos, de tântalo, próprios para montagem em superfície (SMD - Surface Mounted Device)";2666;23;"UNID.";"NUMERO (UNIDADE)";"85322119_2018";8,3
"2018";"Terras Raras";"36069000";"Ferrocerio e outras ligas pirofosfóricas, artigo de material inflamável";1232226;1069,17;"TML";"TONELADA METRICA LIQUIDA";"36069000_2018";4283,35
"2018";"Terras Raras";"25309030";"Minerais de metais das terras raras";4e+05;800;"TML";"TONELADA METRICA LIQUIDA";"25309030_2018";500
"2018";"Terras Raras";"28461090";"Outros compostos de cério";10034;0,42;"TML";"TONELADA METRICA LIQUIDA";"28461090_2018";23605
"2018";"Terras Raras";"28461010";"Óxido cérico";4800;0,44;"TML";"TONELADA METRICA LIQUIDA";"28461010_2018";15000
"2018";"Titânio";"26140010";"Ilmenita (minérios de titânio)";15969044;111532,587;"TML";"TONELADA METRICA LIQUIDA";"26140010_2018";60
"2018";"Titânio";"32061990";"Outros pigmentos e prepars.à base de dióxido de titânio";9737445;3436,42;"TML";"TONELADA METRICA LIQUIDA";"32061990_2018";3220
"2018";"Titânio";"81089000";"Obras de titânio";6331946;34,187;"TML";"TONELADA METRICA LIQUIDA";"81089000_2018";1375600
"2018";"Titânio";"32061110";"Pigmentos tipo rutilo";4093672;1274,375;"TML";"TONELADA METRICA LIQUIDA";"32061110_2018";3475
"2018";"Titânio";"32061910";"Pigmento constituído por mica revestida película dióxido titânio";844718;73,374;"TML";"TONELADA METRICA LIQUIDA";"32061910_2018";67315
"2018";"Titânio";"32061120";"Outros pigmentos que contenham, em peso, 80 % ou mais de dióxido de titânio, calculado sobre matéria seca";441334;114,359;"TML";"TONELADA METRICA LIQUIDA";"32061120_2018";11219,5
"2018";"Titânio";"32061130";"Preparações à base de dióxido de titânio, peso >= 80%";429368;41,257;"TML";"TONELADA METRICA LIQUIDA";"32061130_2018";5937,7
"2018";"Titânio";"81083000";"Desperdícios e resíduos do titânio";413059;92,684;"TML";"TONELADA METRICA LIQUIDA";"81083000_2018";2740
"2018";"Titânio";"28230010";"Óxidos de titânio, tipo anatase";113902;28,291;"TML";"TONELADA METRICA LIQUIDA";"28230010_2018";3600
"2018";"Titânio";"28419019";"Outros titanatos";76324;15;"TML";"TONELADA METRICA LIQUIDA";"28419019_2018";5158,75
"2018";"Tungstênio";"26110000";"Minérios de tungstênio (volfrâmio) e seus concentrados";4267181;549,242;"TML";"TONELADA METRICA LIQUIDA";"26110000_2018";14199,15
"2018";"Tungstênio";"81019700";"Desperdícios e resíduos de tungstênio";2577424;147,131;"TML";"TONELADA METRICA LIQUIDA";"81019700_2018";17091,6
"2018";"Tungstênio";"72028000";"Ferro-tungstênio (ferro-volfrâmio) e ferro-silício-tungstênio (ferro-silício-volfrâmio)";2238316;84;"TML";"TONELADA METRICA LIQUIDA";"72028000_2018";26673,1
"2018";"Tungstênio";"38249972";"Preparações à base de sílica em suspensão coloidal; nitreto de boro de estrutura cristalina cúbica, compactado com substrato de carbeto de tungstênio (volfrâmio)";564788;722,971;"TML";"TONELADA METRICA LIQUIDA";"38249972_2018";1403,9
"2018";"Tungstênio";"85392110";"Outras lâmpadas e tubos de incandescência, exceto de raios ultravioleta ou infravermelhos, halógenos, de tungstênio, para uma tensão inferior ou igual a 15 V";470232;341794;"UNID.";"NUMERO (UNIDADE)";"85392110_2018";3,1111
"2018";"Tungstênio";"85392190";"Outras lâmpadas/tubos incandescentes halogenos, de tungstênio";390915;346997;"UNID.";"NUMERO (UNIDADE)";"85392190_2018";5,4
"2018";"Tungstênio";"90184911";"Brocas para odontologia, de carboneto de tungstênio (volfrâmio)";303145;191345;"UNID.";"NUMERO (UNIDADE)";"90184911_2018";2,4405
"2018";"Tungstênio";"81019990";"Outras obras de tungstênio";147259;1,258;"TML";"TONELADA METRICA LIQUIDA";"81019990_2018";92481,5
"2018";"Tungstênio";"81019400";"Tungstênio (volfrâmio) em formas brutas, incluindo as barras simplesmente obtidas por sinterização";137774;3,357;"TML";"TONELADA METRICA LIQUIDA";"81019400_2018";39165
"2018";"Tungstênio";"81019600";"Fios de tungstênio";11855;0,122;"TML";"TONELADA METRICA LIQUIDA";"81019600_2018";111933,3
"2018";"Turfa";"27030000";"Turfa (incluindo a turfa para cama de animais), mesmo aglomerada";564984;1527475;"KGL";"QUILOGRAMA LIQUIDO";"27030000_2018";0,4985
"2018";"Vanádio";"28253010";"Pentóxido de divanádio";356442013;9199,2;"TML";"TONELADA METRICA LIQUIDA";"28253010_2018";35995,5
"2018";"Vanádio";"72029200";"Ferro-vanádio";1007861;11,988;"TML";"TONELADA METRICA LIQUIDA";"72029200_2018";81272,2
"2018";"Vanádio";"90184912";"Brocas para odontologia, de aço-vanádio";1062;228;"UNID.";"NUMERO (UNIDADE)";"90184912_2018";4,8875
"2018";"Vermiculita";"25301090";"Vermiculita e cloritas, não expandidas";9720666;33319450;"KGL";"QUILOGRAMA LIQUIDO";"25301090_2018";0,2915
"2018";"Vermiculita";"68069090";"Outras obras de matérias minerais para isolamento do calor, som, etc.";3950410;2810637;"KGL";"QUILOGRAMA LIQUIDO";"68069090_2018";2,6037
"2018";"Vermiculita";"68061000";"Lãs de escórias de altos-fornos, lãs de outras escórias, lã de rocha e lãs minerais semelhantes, mesmo misturadas entre si, a granel, em folhas ou em rolos";430609;272213;"KGL";"QUILOGRAMA LIQUIDO";"68061000_2018";6,6126
"2018";"Vermiculita";"68062000";"Vermiculita e argilas, expandidas, espuma de escórias e produtos minerais semelhantes, expandidos, mesmo misturados entre si";306380;566655;"KGL";"QUILOGRAMA LIQUIDO";"68062000_2018";1,0005
"2018";"Zinco";"79011111";"Zinco não ligado, que contenha, em peso, 99,99 % ou mais de zinco, eletrolítico, em lingotes";162163132;54256;"TML";"TONELADA METRICA LIQUIDA";"79011111_2018";3167,8079
"2018";"Zinco";"79011210";"Zinco não ligado, que contenha, em peso, menos de 99,99 % de zinco, em lingotes";80848220;30906;"TML";"TONELADA METRICA LIQUIDA";"79011210_2018";2810,6429
"2018";"Zinco";"26080090";"Outros minérios de zinco e seus concentrados";5694625;26155,998;"TML";"TONELADA METRICA LIQUIDA";"26080090_2018";311,85
"2018";"Zinco";"28170010";"Óxido de zinco (branco de zinco)";2389680;755,706;"TML";"TONELADA METRICA LIQUIDA";"28170010_2018";3337
"2018";"Zinco";"79070090";"Outras obras de zinco";1798206;368,044;"TML";"TONELADA METRICA LIQUIDA";"79070090_2018";13000
"2018";"Zinco";"28332970";"Sulfatos de zinco";1757872;1238,54;"TML";"TONELADA METRICA LIQUIDA";"28332970_2018";1433
"2018";"Zinco";"79040000";"Barras, perfis e fios, de zinco";901686;231,257;"TML";"TONELADA METRICA LIQUIDA";"79040000_2018";18833,3
"2018";"Zinco";"79012010";"Ligas de zinco, em lingotes";726341;212;"TML";"TONELADA METRICA LIQUIDA";"79012010_2018";4038,8309
"2018";"Zinco";"28273998";"Cloreto de zinco";159278;103,684;"TML";"TONELADA METRICA LIQUIDA";"28273998_2018";1932,8
"2018";"Zinco";"26201900";"Outras cinzas e resíduos contendo zinco";92505;12503;"TML";"TONELADA METRICA LIQUIDA";"26201900_2018";7,5
"2018";"Zircônio";"25309020";"Areia de zircônio micronizada, própria para a preparação de esmaltes cerâmicos";1717960;930,065;"TML";"TONELADA METRICA LIQUIDA";"25309020_2018";1816,9
"2018";"Zircônio";"69039092";"Outros produtos cerâmicos refratários de compostos de zircônio";60657;1,703;"TML";"TONELADA METRICA LIQUIDA";"69039092_2018";60150
"2018";"Zircônio";"81099000";"Obras de zircônio";25263;0,319;"TML";"TONELADA METRICA LIQUIDA";"81099000_2018";142500
"2018";"Zircônio";"69029020";"Tijolos e outras peças cerâmicas refratárias não fundidos, com um teor de óxido de zircônio (ZrO2) superior a 25 %, em peso";6719;0,172;"TML";"TONELADA METRICA LIQUIDA";"69029020_2018";16686,7
"2018";"Zircônio";"28369912";"Carbonato de zircônio";3888;3,6;"TML";"TONELADA METRICA LIQUIDA";"28369912_2018";1080
"2018";"Zircônio";"32071010";"Pigmento, opacificante, etc, à base de zircônio/seus sais";5;0,005;"TML";"TONELADA METRICA LIQUIDA";"32071010_2018";1000
